venueIndex,VenueId,Latitude,Longitude,L1_category,visitedNum,categoryId
0,413ba880f964a520111c1fe3,33.641348,-112.117624,Food,0,3
1,413ba880f964a520131c1fe3,33.538693,-112.064192,Food,2,3
2,413ba880f964a5201e1c1fe3,33.448301,-112.071748,Nightlife Spot,10,4
3,413ba880f964a520251b1fe3,33.431538,-112.056023,Food,0,3
4,413ba880f964a5202e1b1fe3,33.509699,-112.061063,Food,1,3
5,413ba880f964a520311b1fe3,33.485847,-112.06903,Food,3,3
6,413ba880f964a5206f1b1fe3,33.496386,-112.083957,Food,0,3
7,413ba880f964a520741b1fe3,33.497727,-112.0741,Nightlife Spot,0,4
8,413ba880f964a520751b1fe3,33.496178,-112.020451,Food,0,3
9,413ba880f964a5208b1b1fe3,33.479787,-112.074087,Food,5,3
10,413ba880f964a5208c1b1fe3,33.451732,-112.069583,Food,0,3
11,413ba880f964a520a11b1fe3,33.612761,-112.012525,Nightlife Spot,0,4
12,413ba880f964a520ae1b1fe3,33.435273,-112.074366,Food,3,3
13,413ba880f964a520b41b1fe3,33.448643,-112.071453,Nightlife Spot,0,4
14,413ba880f964a520b71b1fe3,33.457618,-112.047348,Food,8,3
15,413ba880f964a520c31b1fe3,33.579439,-112.118742,Nightlife Spot,0,4
16,413ba880f964a520c51b1fe3,33.48733,-112.082938,Food,0,3
17,413ba880f964a520d01b1fe3,33.447369,-112.063315,Food,0,3
18,413ba880f964a520d81b1fe3,33.449613,-112.071539,Nightlife Spot,6,4
19,413ba880f964a520db1b1fe3,33.451369,-111.973998,Nightlife Spot,0,4
20,413ba880f964a520e21b1fe3,33.6401,-112.154004,Nightlife Spot,0,4
21,413ba880f964a520ef1b1fe3,33.449168,-112.065654,Food,0,3
22,413ba880f964a520f11a1fe3,33.444806,-112.072225,Nightlife Spot,1,4
23,413ba880f964a520f41b1fe3,33.459813,-112.074223,Nightlife Spot,0,4
24,413ba880f964a520f81a1fe3,33.521742,-112.064617,Nightlife Spot,0,4
25,41463480f964a520b71c1fe3,33.636846,-112.070289,Nightlife Spot,0,4
26,414b7a80f964a520d01c1fe3,33.500469,-112.074053,Drink,18,2
27,42474900f964a52084201fe3,33.608982,-112.161211,College & University,0,1
28,42f6a080f964a520d0261fe3,33.638726,-112.166084,Nightlife Spot,0,4
29,4303cf80f964a52013271fe3,33.602503,-111.983728,Shop & Service,19,8
30,449e9fb9f964a520c0341fe3,33.435624,-112.003066,Travel & Transport,354,9
31,44c8c318f964a520ed351fe3,33.491616,-112.073432,Food,8,3
32,44e09b30f964a520fd361fe3,33.5112,-112.01408,Food,1,3
33,44e0a40bf964a52005371fe3,33.385371,-111.964974,Arts & Entertainment,2,0
34,44e119a0f964a52014371fe3,33.50273,-112.064652,Nightlife Spot,1,4
35,4651c0a2f964a520dd461fe3,33.666747,-112.124298,Drink,0,2
36,46604c34f964a5205f471fe3,33.458692,-112.069473,Arts & Entertainment,4,0
37,466827eaf964a5208c471fe3,33.458228,-112.067767,Nightlife Spot,0,4
38,4729fd2af964a520e94b1fe3,33.545219,-112.043185,Food,0,3
39,472eda7ef964a520094c1fe3,33.445515,-112.066748,Arts & Entertainment,61,0
40,472edc25f964a5200a4c1fe3,33.457457,-112.072349,Food,0,3
41,472f0b7ff964a520104c1fe3,33.448946,-111.955369,Arts & Entertainment,28,0
42,472f0d5df964a520114c1fe3,33.510556,-112.013512,Food,1,3
43,472f0debf964a520124c1fe3,33.453572,-112.069194,Arts & Entertainment,20,0
44,472f0ea0f964a520134c1fe3,33.521109,-112.094372,Arts & Entertainment,28,0
45,473077ddf964a520204c1fe3,33.639683,-112.152514,Food,0,3
46,47398593f964a520514c1fe3,33.508992,-112.043705,Food,0,3
47,47e9a02ef964a5205f4e1fe3,33.466022,-112.015334,Nightlife Spot,0,4
48,48ba73f9f964a520ca511fe3,33.448819,-112.066129,Arts & Entertainment,0,0
49,48ba760cf964a520cb511fe3,33.46244,-111.944598,Outdoors & Recreation,0,5
50,4a2f4efff964a520c0981fe3,33.570124,-112.053599,Residence,0,7
51,4a3020daf964a52024991fe3,33.452396,-112.070086,Travel & Transport,1,9
52,4a3260c4f964a520449a1fe3,33.684509,-112.094291,Professional & Other Places,2,6
53,4a32c3b1f964a5208b9a1fe3,33.572303,-112.060922,Shop & Service,0,8
54,4a332e5df964a5200e9b1fe3,33.385264,-111.965468,Arts & Entertainment,6,0
55,4a336759f964a5202b9b1fe3,33.491074,-112.079218,Travel & Transport,0,9
56,4a358186f964a520139d1fe3,33.637686,-112.18734,Nightlife Spot,0,4
57,4a36a0d2f964a520c49d1fe3,33.48525,-112.099548,Shop & Service,0,8
58,4a36a589f964a520ca9d1fe3,33.46091,-112.168343,Shop & Service,57,8
59,4a384af6f964a520de9e1fe3,33.639156,-112.185125,Nightlife Spot,0,4
60,4a3854cbf964a520e99e1fe3,33.431817,-111.948838,Arts & Entertainment,0,0
61,4a395979f964a5205d9f1fe3,33.510252,-112.027738,Food,0,3
62,4a3c61d2f964a52077a11fe3,33.52392,-112.047222,Food,0,3
63,4a3d3399f964a520f2a11fe3,33.55271,-112.056242,Shop & Service,2,8
64,4a3d9447f964a52077a21fe3,33.510539,-112.028619,Shop & Service,20,8
65,4a3d9cdaf964a5208ba21fe3,33.451853,-111.949053,Arts & Entertainment,8,0
66,4a3e8accf964a52009a31fe3,33.480043,-112.080604,Food,0,3
67,4a3eb5ccf964a52055a31fe3,33.467583,-112.073128,Arts & Entertainment,1,0
68,4a3fdf4cf964a52004a41fe3,33.454991,-112.079923,Food,5,3
69,4a417184f964a52050a51fe3,33.539034,-112.262077,Shop & Service,0,8
70,4a418b08f964a52068a51fe3,33.483429,-112.075009,Food,0,3
71,4a418de3f964a5206ba51fe3,33.48393,-112.074709,Drink,9,2
72,4a4256b0f964a520c2a51fe3,33.558823,-112.064937,Shop & Service,2,8
73,4a429f4df964a5200aa61fe3,33.449539,-112.065457,Nightlife Spot,1,4
74,4a440fe8f964a52018a71fe3,33.510303,-112.038814,Professional & Other Places,0,6
75,4a44539df964a52075a71fe3,33.449018,-112.073041,Nightlife Spot,0,4
76,4a44f633f964a5209fa71fe3,33.465338,-112.065536,Food,0,3
77,4a44fe95f964a520a4a71fe3,33.506222,-112.039373,Shop & Service,1,8
78,4a465d77f964a520c1a81fe3,33.455872,-112.072336,Nightlife Spot,2,4
79,4a46624ff964a520cba81fe3,33.51027,-112.028908,Food,0,3
80,4a46d6f7f964a5208ea91fe3,33.509996,-112.07222,Shop & Service,5,8
81,4a46e28cf964a5209ea91fe3,33.492596,-112.073416,Food,1,3
82,4a47e547f964a52043aa1fe3,33.576243,-112.065461,Food,0,3
83,4a47ecabf964a5204faa1fe3,33.52349,-112.022567,Travel & Transport,0,9
84,4a492ee6f964a52012ab1fe3,33.507195,-112.037929,Shop & Service,10,8
85,4a4a4729f964a520a4ab1fe3,33.509479,-112.07415,Drink,8,2
86,4a4abb64f964a52023ac1fe3,33.600483,-111.989822,Shop & Service,8,8
87,4a4be2b9f964a520d4ac1fe3,33.63718,-112.201485,Food,0,3
88,4a4d0858f964a52079ad1fe3,33.502227,-111.995743,Food,0,3
89,4a4d18f4f964a5208aad1fe3,33.500596,-112.074195,Food,3,3
90,4a4ea188f964a520d6ae1fe3,33.491267,-112.079237,Food,8,3
91,4a4f71bbf964a52052af1fe3,33.465356,-112.082852,Nightlife Spot,0,4
92,4a50168af964a520f5af1fe3,33.508651,-112.075296,Travel & Transport,20,9
93,4a501cd2f964a520f9af1fe3,33.498401,-112.069373,Outdoors & Recreation,5,5
94,4a52a9d7f964a520deb11fe3,33.535332,-112.261348,Arts & Entertainment,0,0
95,4a52c836f964a52001b21fe3,33.53313,-112.261636,Nightlife Spot,1,4
96,4a53aefbf964a5209db21fe3,33.510723,-111.986084,Food,0,3
97,4a53c00af964a520b1b21fe3,33.488921,-112.082997,Food,31,3
98,4a5532acf964a520d5b31fe3,33.453321,-112.074409,Outdoors & Recreation,1,5
99,4a563a04f964a520cab41fe3,33.666863,-112.127044,Professional & Other Places,2,6
100,4a569b81f964a52085b51fe3,33.63849,-112.18174,Food,0,3
101,4a56bc73f964a520b9b51fe3,33.505251,-112.037078,Nightlife Spot,1,4
102,4a575fa8f964a5200cb61fe3,33.453265,-112.072293,Drink,4,2
103,4a57f364f964a52021b71fe3,33.4975,-112.083864,Drink,0,2
104,4a57f5b2f964a52026b71fe3,33.444809,-112.079585,Arts & Entertainment,0,0
105,4a58d329f964a520fab71fe3,33.509559,-112.074607,Shop & Service,1,8
106,4a593b53f964a5200eb91fe3,33.641509,-112.00863,Arts & Entertainment,0,0
107,4a595b91f964a5204bb91fe3,33.506915,-112.074183,Food,32,3
108,4a5dfb09f964a520dabd1fe3,33.511015,-112.013547,Drink,0,2
109,4a5e773bf964a520a0be1fe3,33.506888,-112.037276,Outdoors & Recreation,0,5
110,4a5f6187f964a5207cbf1fe3,33.385049,-112.01879,Travel & Transport,0,9
111,4a5f7f5df964a520b9bf1fe3,33.495283,-111.988296,Drink,0,2
112,4a5f8353f964a520c2bf1fe3,33.477308,-111.984715,Shop & Service,10,8
113,4a5fcb9cf964a5203cc01fe3,33.512667,-112.074079,Nightlife Spot,14,4
114,4a60dd04f964a52054c11fe3,33.581452,-112.1231,Drink,0,2
115,4a62142bf964a520ffc21fe3,33.609576,-112.12383,Shop & Service,5,8
116,4a621755f964a5200fc31fe3,33.510872,-112.028102,Shop & Service,22,8
117,4a63910ff964a52053c51fe3,33.456544,-112.273278,Shop & Service,0,8
118,4a64ad1ef964a52078c61fe3,33.495786,-111.98817,Food,0,3
119,4a66768cf964a52097c81fe3,33.45291,-112.07553,Outdoors & Recreation,3,5
120,4a6695cbf964a520c0c81fe3,33.490891,-112.047951,Nightlife Spot,4,4
121,4a68b323f964a520d8ca1fe3,33.576255,-112.116437,Food,6,3
122,4a6a5ba8f964a52039cd1fe3,33.587837,-112.115982,Food,0,3
123,4a6a8c3ff964a520b9cd1fe3,33.533856,-112.260967,Food,0,3
124,4a6b279df964a52010ce1fe3,33.508712,-112.045815,Drink,5,2
125,4a6b58bbf964a52087ce1fe3,33.472528,-112.072686,Arts & Entertainment,9,0
126,4a6b9c29f964a5205acf1fe3,33.5007,-112.082763,Food,3,3
127,4a6bc518f964a520e7cf1fe3,33.51126,-112.12999,College & University,0,1
128,4a6cb933f964a5206ad11fe3,33.552696,-112.181686,Food,0,3
129,4a6cc843f964a520a0d11fe3,33.382863,-111.964846,Shop & Service,5,8
130,4a6d07d2f964a52060d21fe3,33.439353,-111.9505,Residence,0,7
131,4a6d15c2f964a5207ed21fe3,33.517384,-112.082844,Food,0,3
132,4a6d2102f964a52094d21fe3,33.377807,-111.966446,Food,0,3
133,4a6dd40af964a52018d31fe3,33.509599,-112.071724,Food,0,3
134,4a6e0116f964a5209bd31fe3,33.667497,-112.120628,Food,1,3
135,4a6e2bc0f964a52021d41fe3,33.509339,-112.083035,Travel & Transport,6,9
136,4a6e737df964a520c9d41fe3,33.39195,-111.961635,Shop & Service,1,8
137,4a6faf31f964a520d1d61fe3,33.448631,-112.079365,Arts & Entertainment,0,0
138,4a6ff0e5f964a52025d71fe3,33.523192,-112.046743,Nightlife Spot,0,4
139,4a70a2b3f964a52005d81fe3,33.470911,-112.064866,Food,0,3
140,4a711bb6f964a52021d91fe3,33.539086,-112.203522,Shop & Service,8,8
141,4a71411af964a52032d91fe3,33.500715,-112.169616,Professional & Other Places,6,6
142,4a7148fff964a52035d91fe3,33.493665,-112.201653,Shop & Service,9,8
143,4a72057af964a52025da1fe3,33.473943,-111.984973,Shop & Service,2,8
144,4a74e9daf964a520fedf1fe3,33.494359,-112.06985,Shop & Service,7,8
145,4a750c0af964a52060e01fe3,33.449222,-112.069722,Professional & Other Places,22,6
146,4a75d95bf964a5206ce11fe3,33.511102,-112.014792,Shop & Service,0,8
147,4a7620dbf964a52054e21fe3,33.522793,-112.09548,Shop & Service,38,8
148,4a7a401ff964a520fce81fe3,33.539612,-112.023147,Outdoors & Recreation,0,5
149,4a7bc3dff964a520c4eb1fe3,33.533124,-112.260875,Food,0,3
150,4a7cc599f964a52097ed1fe3,33.529196,-111.972442,Travel & Transport,0,9
151,4a7cfa69f964a52035ee1fe3,33.458482,-112.071551,Shop & Service,0,8
152,4a7d1893f964a5207eee1fe3,33.450249,-112.074298,Nightlife Spot,1,4
153,4a7d9a16f964a520e7ee1fe3,33.537955,-112.057421,Food,0,3
154,4a7ddc14f964a520eeef1fe3,33.479893,-112.091083,Food,4,3
155,4a7e10def964a520d8f01fe3,33.478489,-111.986468,Food,0,3
156,4a7e52bbf964a520c3f11fe3,33.666202,-112.064828,Shop & Service,1,8
157,4a7e8cb4f964a52000f21fe3,33.496081,-112.172256,Shop & Service,5,8
158,4a7e8dc5f964a52001f21fe3,33.470614,-112.222896,Shop & Service,5,8
159,4a7f61d9f964a520daf31fe3,33.510413,-112.266476,Shop & Service,3,8
160,4a7f95b2f964a5205bf41fe3,33.510127,-112.02791,Food,4,3
161,4a7fa1f6f964a5206af41fe3,33.494507,-111.995038,Nightlife Spot,3,4
162,4a808005f964a5207af51fe3,33.487872,-112.075465,Shop & Service,11,8
163,4a81b99ef964a52062f71fe3,33.626714,-112.100206,Food,0,3
164,4a81bc28f964a52069f71fe3,33.4484,-112.071796,Nightlife Spot,8,4
165,4a81f893f964a52028f81fe3,33.421621,-111.946789,Food,0,3
166,4a821194f964a52073f81fe3,33.476914,-112.224891,Shop & Service,17,8
167,4a826b71f964a5202bf91fe3,33.571064,-112.189964,College & University,40,1
168,4a828816f964a52038f91fe3,33.475398,-112.218647,Shop & Service,2,8
169,4a828b13f964a52039f91fe3,33.581153,-112.187566,Professional & Other Places,0,6
170,4a82c5cdf964a52054f91fe3,33.448165,-111.98802,Travel & Transport,245,9
171,4a837a65f964a5203ffb1fe3,33.390549,-112.136915,Shop & Service,1,8
172,4a847c90f964a520bcfc1fe3,33.37896,-111.972065,Shop & Service,2,8
173,4a84fdf5f964a520fcfd1fe3,33.520897,-112.098139,Shop & Service,14,8
174,4a862dcff964a520ac0020e3,33.494772,-112.023554,Nightlife Spot,0,4
175,4a86ed82f964a520ab0120e3,33.636828,-112.184701,Shop & Service,1,8
176,4a86f983f964a520e30120e3,33.538819,-112.1327,Food,0,3
177,4a8a0851f964a520b50920e3,33.666381,-112.124238,Arts & Entertainment,0,0
178,4a8da025f964a5204b1020e3,33.466497,-112.279887,Arts & Entertainment,6,0
179,4a8deb48f964a5206f1120e3,33.509523,-112.060233,Food,7,3
180,4a8f680ef964a520311520e3,33.454395,-112.014653,Arts & Entertainment,5,0
181,4a901a25f964a520021620e3,33.61045,-112.147466,Drink,11,2
182,4a902c98f964a520571620e3,33.533293,-112.261047,Shop & Service,8,8
183,4a904838f964a520061720e3,33.553806,-112.262292,Shop & Service,0,8
184,4a918c24f964a520a51a20e3,33.452994,-112.073594,College & University,6,1
185,4a93021ff964a5207b1e20e3,33.495719,-111.986657,Food,0,3
186,4a93e34cf964a520ec1f20e3,33.451746,-112.074537,Travel & Transport,24,9
187,4a946353f964a520692120e3,33.442273,-111.95626,Travel & Transport,15,9
188,4a9586d9f964a520832320e3,33.554056,-112.101059,Shop & Service,3,8
189,4a959b44f964a520db2320e3,33.465412,-112.278374,Food,0,3
190,4a9849f1f964a520542b20e3,33.488667,-112.082428,Shop & Service,4,8
191,4a99627cf964a5200d2e20e3,33.513409,-112.047937,Food,3,3
192,4a997691f964a520722e20e3,33.604661,-111.983433,Professional & Other Places,7,6
193,4a998686f964a520dc2e20e3,33.597181,-112.036194,Food,1,3
194,4a9a8cf3f964a520d63120e3,33.466662,-112.072402,Arts & Entertainment,0,0
195,4a9acd1bf964a520cb3220e3,33.584752,-111.978859,Shop & Service,0,8
196,4a9bd3e9f964a5204b3520e3,33.494162,-112.083066,Food,1,3
197,4a9c062ff964a520c33520e3,33.475484,-112.074019,Food,0,3
198,4a9c3627f964a520713620e3,33.510502,-112.04632,Food,0,3
199,4a9dc44cf964a520513920e3,33.454073,-111.951027,Outdoors & Recreation,1,5
200,4a9ea594f964a520c23a20e3,33.446263,-112.069302,Travel & Transport,23,9
201,4a9f6130f964a520213d20e3,33.509599,-112.098913,Travel & Transport,55,9
202,4aa16091f964a520754020e3,33.393262,-111.977777,Food,0,3
203,4aa54800f964a520d64720e3,33.554575,-112.101021,Shop & Service,5,8
204,4aa576f9f964a5207b4820e3,33.583543,-111.977231,Food,0,3
205,4aa59b61f964a520ef4820e3,33.451891,-112.069228,Drink,0,2
206,4aa5af0df964a520274920e3,33.683224,-112.09798,Food,2,3
207,4aa9a520f964a520ac5420e3,33.46432,-112.27317,Food,0,3
208,4aa9bf84f964a520285520e3,33.638785,-112.120109,Shop & Service,1,8
209,4aabe4a4f964a520bb5a20e3,33.464762,-112.073815,Travel & Transport,53,9
210,4aac3e01f964a520135d20e3,33.612414,-112.114085,Shop & Service,0,8
211,4aac55e1f964a5208b5d20e3,33.641594,-112.082286,Shop & Service,0,8
212,4aad44acf964a520615f20e3,33.666983,-112.202484,Food,0,3
213,4aaebc5ff964a520146320e3,33.465549,-112.081647,Food,0,3
214,4ab29e1df964a520a76b20e3,33.509526,-112.04254,Food,4,3
215,4ab29eb7f964a520aa6b20e3,33.422177,-111.945492,Food,0,3
216,4ab2e787f964a520e96c20e3,33.435345,-111.997848,Food,10,3
217,4ab2eb9df964a520fe6c20e3,33.478448,-112.290406,Shop & Service,0,8
218,4ab2ee42f964a520066d20e3,33.509486,-112.040326,Food,1,3
219,4ab3a310f964a520e66d20e3,33.448175,-112.02958,Travel & Transport,3,9
220,4ab3a524f964a520ec6d20e3,33.448364,-112.070735,Travel & Transport,6,9
221,4ab3bf0ef964a520436e20e3,33.473723,-111.986207,Nightlife Spot,0,4
222,4ab68a4cf964a520b27720e3,33.459516,-112.075739,Residence,45,7
223,4ab69ab4f964a520167820e3,33.423418,-112.269732,Shop & Service,0,8
224,4ab69abbf964a520177820e3,33.463399,-112.073984,Nightlife Spot,0,4
225,4ab6ac14f964a520857820e3,33.50977,-112.043605,Shop & Service,9,8
226,4ab73543f964a520cf7920e3,33.444387,-111.977146,Arts & Entertainment,0,0
227,4ab906b1f964a520bb7d20e3,33.483107,-112.089171,College & University,0,1
228,4ab918c4f964a520fb7d20e3,33.445671,-112.066866,Nightlife Spot,0,4
229,4ab98e8af964a520df7f20e3,33.510284,-112.046288,Food,2,3
230,4aba4c07f964a520c78020e3,33.410859,-112.015503,College & University,0,1
231,4abbac1ff964a520528420e3,33.466497,-112.273965,Shop & Service,1,8
232,4abc18b8f964a520598620e3,33.47382,-112.073805,Travel & Transport,1,9
233,4abc36b4f964a520cc8620e3,33.480637,-112.073851,Travel & Transport,7,9
234,4abcdca5f964a5207c8720e3,33.493958,-112.067452,Professional & Other Places,109,6
235,4abce4aef964a520948720e3,33.483307,-112.075038,Drink,8,2
236,4abce91ef964a520a98720e3,33.652513,-112.185732,Drink,1,2
237,4abd5667f964a520cb8920e3,33.448853,-112.073931,Travel & Transport,62,9
238,4abdee78f964a520838b20e3,33.488272,-112.081581,Shop & Service,49,8
239,4abe42a0f964a520468c20e3,33.463561,-112.275596,Shop & Service,9,8
240,4abe9a5ef964a520c78e20e3,33.495459,-112.003131,Nightlife Spot,0,4
241,4abf8218f964a520ef9020e3,33.523467,-112.047133,Drink,2,2
242,4abfba97f964a520e19120e3,33.553913,-112.260361,Shop & Service,0,8
243,4abfdcbaf964a520a99220e3,33.506153,-112.047058,Shop & Service,4,8
244,4ac15aebf964a520e19620e3,33.506266,-112.073983,Food,0,3
245,4ac15d3bf964a520e89620e3,33.511172,-112.02855,Food,0,3
246,4ac199f3f964a520909720e3,33.509482,-112.065276,Food,0,3
247,4ac3ae33f964a520599c20e3,33.488547,-112.065428,Drink,0,2
248,4ac3babef964a520959c20e3,33.464326,-112.274231,Food,1,3
249,4ac56886f964a520e8b120e3,33.466008,-112.218867,Food,0,3
250,4ac79ab7f964a52064b820e3,33.459367,-112.074223,Drink,2,2
251,4ac7ab7df964a520f4b820e3,33.481961,-112.079644,Professional & Other Places,0,6
252,4ac83ceef964a520fbbb20e3,33.379157,-112.031781,Shop & Service,0,8
253,4ac9b010f964a5201dc020e3,33.3783,-112.035629,Food,1,3
254,4acb08daf964a5203cc320e3,33.377804,-111.979168,Shop & Service,1,8
255,4acb5a15f964a52089c320e3,33.52376,-112.047595,Food,1,3
256,4acc99c3f964a52010c920e3,33.510441,-111.985665,Shop & Service,0,8
257,4acce6b3f964a520f4c920e3,33.406227,-111.962348,Travel & Transport,0,9
258,4ace7c67f964a520d2d020e3,33.65412,-112.151291,Shop & Service,3,8
259,4acea933f964a5209ad120e3,33.458821,-112.071512,Nightlife Spot,0,4
260,4acf3fe9f964a520e5d220e3,33.447728,-112.075071,Travel & Transport,39,9
261,4ad0cde5f964a520f6d920e3,33.421601,-111.953119,Food,0,3
262,4ad0df7bf964a520a0da20e3,33.56608,-112.063041,Professional & Other Places,0,6
263,4ad11910f964a520bbdc20e3,33.638697,-112.167196,Food,2,3
264,4ad2b28ef964a52082e220e3,33.421426,-111.970169,Shop & Service,0,8
265,4ad4d55af964a5201cfc20e3,33.392472,-111.961113,Food,5,3
266,4ad4df6cf964a5205dfc20e3,33.4953,-111.99405,Food,0,3
267,4ad53605f964a520610221e3,33.378347,-112.033103,Food,0,3
268,4ad76fe1f964a520670a21e3,33.422727,-111.951742,Food,0,3
269,4ad88a33f964a520241221e3,33.494286,-112.079206,Shop & Service,23,8
270,4ada2402f964a520001f21e3,33.378742,-111.966305,Food,1,3
271,4ada266cf964a520281f21e3,33.507158,-112.274089,Shop & Service,4,8
272,4ada6a3bf964a520672221e3,33.579912,-112.121531,Food,0,3
273,4ada74daf964a520c02221e3,33.572616,-112.118762,Arts & Entertainment,0,0
274,4ada8485f964a520312321e3,33.451021,-112.070666,Arts & Entertainment,0,0
275,4adb4563f964a5206d2521e3,33.53286,-112.037155,Outdoors & Recreation,1,5
276,4adb6b33f964a5203a2721e3,33.49587,-112.020042,Shop & Service,0,8
277,4adb92fdf964a520192921e3,33.638675,-112.170893,Food,0,3
278,4adcaf19f964a520b82e21e3,33.573926,-112.125703,Food,0,3
279,4adcd7bdf964a520633021e3,33.43556,-112.040377,Shop & Service,0,8
280,4add0ed9f964a520d26321e3,33.507914,-112.042313,Shop & Service,0,8
281,4add25cbf964a5204a6421e3,33.510121,-111.984477,Outdoors & Recreation,0,5
282,4ade7633f964a520037621e3,33.521415,-112.09548,Shop & Service,15,8
283,4adf5c9ff964a520e47921e3,33.377595,-111.96403,Food,0,3
284,4adfc963f964a5206e7d21e3,33.604076,-111.98626,Shop & Service,1,8
285,4ae0a43af964a520318121e3,33.579529,-112.098983,Shop & Service,18,8
286,4ae1c10cf964a5202a8721e3,33.442277,-111.955506,Drink,6,2
287,4ae1c1b0f964a520318721e3,33.452046,-112.151483,Shop & Service,8,8
288,4ae2007ff964a520ab8921e3,33.581505,-112.124913,Food,0,3
289,4ae22eb3f964a520898b21e3,33.510735,-112.085267,Shop & Service,5,8
290,4ae24456f964a5209c8c21e3,33.653674,-112.064925,Shop & Service,2,8
291,4ae33881f964a520de9121e3,33.483599,-112.074834,Food,0,3
292,4ae3c670f964a520db9821e3,33.459222,-112.073977,Travel & Transport,12,9
293,4ae4899af964a5206a9b21e3,33.487849,-112.074505,Shop & Service,25,8
294,4ae4b347f964a520409d21e3,33.466032,-112.032437,Food,1,3
295,4ae4e91bf964a5205a9f21e3,33.551302,-112.057221,Shop & Service,3,8
296,4ae4eff0f964a5208e9f21e3,33.479456,-112.00068,Shop & Service,0,8
297,4ae5e789f964a52007a321e3,33.465472,-112.082981,Food,17,3
298,4ae706ccf964a52004a821e3,33.435381,-111.997848,Drink,0,2
299,4ae726bff964a520e5a821e3,33.53818,-112.101847,Shop & Service,5,8
300,4ae78dc4f964a52057ac21e3,33.450896,-112.073143,Professional & Other Places,18,6
301,4ae79068f964a5206dac21e3,33.459686,-112.046388,Shop & Service,0,8
302,4ae892bcf964a52086b021e3,33.465655,-112.0722,Food,0,3
303,4ae8ef69f964a52085b321e3,33.511139,-112.013641,Food,0,3
304,4ae9cd0ff964a5208fb621e3,33.486813,-112.073891,Travel & Transport,27,9
305,4aea537cf964a52006bb21e3,33.523466,-112.022827,Food,0,3
306,4aea8432f964a520c6bb21e3,33.48002,-112.003579,Shop & Service,0,8
307,4aeb02bbf964a5202fbd21e3,33.46622,-112.067553,Shop & Service,10,8
308,4aeb60a1f964a52086c121e3,33.464127,-112.073571,Food,0,3
309,4aeb6f0ef964a52003c221e3,33.466103,-112.069929,Shop & Service,0,8
310,4aec5a3ff964a52043c621e3,33.583309,-111.976478,Drink,13,2
311,4aec5f71f964a52071c621e3,33.520454,-112.099745,Travel & Transport,46,9
312,4aec87edf964a52057c821e3,33.495619,-112.073802,Travel & Transport,19,9
313,4aedbd7cf964a52079ce21e3,33.567731,-112.009116,Outdoors & Recreation,0,5
314,4aedc960f964a520eace21e3,33.554682,-112.270339,Arts & Entertainment,0,0
315,4aef6feaf964a52071d821e3,33.465203,-112.276331,Drink,4,2
316,4aef7656f964a520a5d821e3,33.655137,-112.10006,Professional & Other Places,1,6
317,4af03138f964a520b2da21e3,33.639177,-112.070421,Drink,2,2
318,4af1a005f964a520aae121e3,33.421411,-111.960595,Drink,0,2
319,4af24a7cf964a52031e721e3,33.464325,-112.276511,Food,0,3
320,4af25bccf964a52086e721e3,33.596748,-111.978621,Shop & Service,8,8
321,4af5ccebf964a52004fd21e3,33.462897,-112.072884,Professional & Other Places,13,6
322,4af6411cf964a520a80222e3,33.64193,-112.065042,Drink,0,2
323,4af74469f964a520c90722e3,33.509489,-112.061228,Shop & Service,2,8
324,4afaf3b8f964a520cd1922e3,33.507477,-112.04708,Drink,0,2
325,4afb07d9f964a5207a1a22e3,33.507425,-112.039819,Food,1,3
326,4afc304cf964a520692022e3,33.494752,-112.017954,Shop & Service,0,8
327,4afcaba0f964a520f32422e3,33.494488,-112.083067,Shop & Service,13,8
328,4afcee2cf964a520932622e3,33.50898,-112.065886,Nightlife Spot,2,4
329,4afdbaa6f964a520462a22e3,33.442442,-112.06598,Food,0,3
330,4afe4c5af964a5201e2f22e3,33.672159,-112.186331,Food,0,3
331,4aff0f06f964a5209e3322e3,33.37898,-111.964869,Food,0,3
332,4aff1b00f964a5204f3422e3,33.43624,-112.035313,Travel & Transport,1,9
333,4aff5de3f964a520d53722e3,33.538322,-112.114387,Food,0,3
334,4b003135f964a520553b22e3,33.58138,-112.131998,Food,0,3
335,4b0048b1f964a5204f3c22e3,33.507808,-112.041049,Shop & Service,0,8
336,4b007529f964a520733e22e3,33.494524,-112.068901,Food,0,3
337,4b016de3f964a5207e4222e3,33.670943,-112.028167,Shop & Service,0,8
338,4b01ba4ff964a520e24422e3,33.466266,-111.986695,Shop & Service,3,8
339,4b020844f964a520554722e3,33.509394,-111.988023,Food,0,3
340,4b03a699f964a520f94f22e3,33.667933,-112.125464,Food,0,3
341,4b0487cff964a520ea5422e3,33.459287,-112.072327,Arts & Entertainment,0,0
342,4b055fd4f964a520fa5722e3,33.466275,-112.065892,Drink,1,2
343,4b05a88ff964a52064e022e3,33.510262,-112.046155,Shop & Service,0,8
344,4b060634f964a520abe722e3,33.58138,-112.12254,Food,0,3
345,4b0619a0f964a520a4e822e3,33.538837,-112.047896,Shop & Service,0,8
346,4b06ecfbf964a5203ef322e3,33.451278,-112.056053,Food,0,3
347,4b0761f1f964a520effc22e3,33.639687,-112.070503,Food,1,3
348,4b082213f964a5207c0423e3,33.508136,-112.040788,Shop & Service,1,8
349,4b083063f964a520d00523e3,33.574747,-112.064884,Professional & Other Places,0,6
350,4b085fe0f964a520640a23e3,33.599775,-112.038503,Shop & Service,0,8
351,4b086c5df964a5208b0b23e3,33.59992,-111.989286,Shop & Service,1,8
352,4b0872a6f964a520160c23e3,33.609794,-112.179379,Professional & Other Places,0,6
353,4b089b8df964a520590f23e3,33.44889,-112.070643,Arts & Entertainment,0,0
354,4b08a1b2f964a520e00f23e3,33.510046,-112.045634,Shop & Service,16,8
355,4b08a5caf964a520351023e3,33.452809,-112.069228,Shop & Service,17,8
356,4b08b11bf964a520d81023e3,33.508098,-112.042651,Shop & Service,2,8
357,4b08cecff964a520781223e3,33.510101,-111.995772,Shop & Service,0,8
358,4b09a86ef964a520221b23e3,33.39094,-112.013023,Shop & Service,2,8
359,4b0a01ecf964a520042123e3,33.448143,-112.096375,Professional & Other Places,2,6
360,4b0ab6f9f964a520d12623e3,33.673746,-112.077826,College & University,32,1
361,4b0af317f964a520932a23e3,33.44261,-111.955351,Food,6,3
362,4b0b3af5f964a520152f23e3,33.553904,-112.098558,Drink,1,2
363,4b0c4a7cf964a520943a23e3,33.453621,-112.073396,College & University,0,1
364,4b0c65c6f964a520733c23e3,33.551107,-112.134915,Shop & Service,2,8
365,4b0c7246f964a520753d23e3,33.453572,-112.072392,College & University,8,1
366,4b0dc7ebf964a520055023e3,33.478967,-111.984873,Shop & Service,0,8
367,4b0defbcf964a520e55223e3,33.511107,-112.028195,Shop & Service,0,8
368,4b0eff2ff964a520ce5d23e3,33.450748,-112.000042,Food,0,3
369,4b0fddbaf964a5209f6523e3,33.609909,-112.118253,Shop & Service,1,8
370,4b103071f964a520dc6a23e3,33.580612,-112.121437,Shop & Service,5,8
371,4b110ff3f964a520d47723e3,33.508708,-112.273333,Shop & Service,0,8
372,4b1163bef964a5207c7b23e3,33.456025,-112.073518,Shop & Service,1,8
373,4b11aa19f964a520c08123e3,33.57866,-112.108869,Professional & Other Places,1,6
374,4b11cf44f964a520268523e3,33.556879,-112.112222,Professional & Other Places,4,6
375,4b11d511f964a520a58523e3,33.597462,-112.150016,Shop & Service,6,8
376,4b130f62f964a520869323e3,33.526352,-112.132505,Shop & Service,0,8
377,4b1404c6f964a520d99b23e3,33.508755,-112.045815,Food,0,3
378,4b145d53f964a520e4a123e3,33.49483,-112.01968,Shop & Service,1,8
379,4b146aa5f964a520d6a223e3,33.53885,-112.064756,Food,1,3
380,4b14c003f964a52048a623e3,33.422346,-111.96175,Food,3,3
381,4b153782f964a5206ca923e3,33.508107,-112.040374,Shop & Service,2,8
382,4b155041f964a52037b023e3,33.445829,-112.071168,Arts & Entertainment,50,0
383,4b155041f964a52038b023e3,33.527515,-112.262635,College & University,12,1
384,4b155042f964a52039b023e3,33.531879,-112.261133,Arts & Entertainment,1,0
385,4b1702a8f964a520dac023e3,33.579848,-112.123932,Drink,0,2
386,4b170a86f964a52062c123e3,33.381788,-112.032223,College & University,0,1
387,4b173145f964a52094c323e3,33.50917,-112.0405,Shop & Service,0,8
388,4b189c1df964a5209ed423e3,33.640973,-112.118026,Food,1,3
389,4b196155f964a5204edc23e3,33.65982,-112.115825,Shop & Service,2,8
390,4b196b3af964a52000dd23e3,33.479985,-112.077729,Food,0,3
391,4b198272f964a5209dde23e3,33.510225,-112.046946,Professional & Other Places,0,6
392,4b19c434f964a520c6e323e3,33.378281,-112.100907,Shop & Service,0,8
393,4b19cc88f964a52063e423e3,33.566843,-112.071189,Shop & Service,0,8
394,4b1acca9f964a52018f223e3,33.666497,-112.119244,Shop & Service,1,8
395,4b1b03a5f964a5206ff623e3,33.530818,-112.064909,Food,0,3
396,4b1bf976f964a520eaff23e3,33.581457,-112.12336,Drink,1,2
397,4b1c4b7bf964a520a70524e3,33.50891,-112.265553,Food,1,3
398,4b1c4ceef964a520b80524e3,33.507921,-112.266481,Food,0,3
399,4b1c59b4f964a5206c0624e3,33.507456,-112.040956,Food,0,3
400,4b1c8121f964a520f80724e3,33.538897,-112.062468,Shop & Service,3,8
401,4b1d2fcff964a520af0c24e3,33.580657,-112.124653,Shop & Service,1,8
402,4b1d390cf964a520390d24e3,33.518,-112.081814,Professional & Other Places,0,6
403,4b1dac83f964a520c91324e3,33.44872,-112.072306,Drink,3,2
404,4b1e5ad5f964a520231924e3,33.582661,-112.115255,Travel & Transport,0,9
405,4b1fc946f964a520092924e3,33.508657,-112.045719,Food,0,3
406,4b20396ef964a520f82e24e3,33.493832,-112.083182,Professional & Other Places,1,6
407,4b214d1cf964a520d03924e3,33.466142,-112.27841,Food,3,3
408,4b2430e5f964a5205a6324e3,33.508511,-112.027601,Arts & Entertainment,6,0
409,4b24519af964a520d36524e3,33.510055,-112.029798,Food,2,3
410,4b2466e5f964a5201c6724e3,33.466102,-112.035315,Nightlife Spot,0,4
411,4b259099f964a520e37324e3,33.477218,-112.073507,Food,0,3
412,4b259f3df964a520aa7424e3,33.449941,-112.071789,Food,0,3
413,4b25b646f964a520967524e3,33.508481,-112.041364,Shop & Service,9,8
414,4b26e61ff964a520b68224e3,33.376161,-112.166505,Shop & Service,0,8
415,4b299c43f964a520aea124e3,33.509501,-112.073262,Food,7,3
416,4b2a576cf964a52079a724e3,33.491045,-112.073326,Food,2,3
417,4b2a5b7ff964a520aca724e3,33.465888,-112.221479,Drink,10,2
418,4b2a63dcf964a5202da824e3,33.509626,-112.037556,Food,0,3
419,4b2ad184f964a5203bb024e3,33.483868,-112.075948,Nightlife Spot,7,4
420,4b2adfe6f964a52053b124e3,33.407603,-111.947594,Nightlife Spot,3,4
421,4b2bce8ff964a5205cbb24e3,33.455493,-111.98889,Food,0,3
422,4b2c0835f964a52008c024e3,33.458808,-112.077402,Drink,40,2
423,4b2c0c4cf964a52063c024e3,33.639203,-112.066561,Food,3,3
424,4b2c37b2f964a52002c424e3,33.377186,-112.029858,Food,0,3
425,4b2d958cf964a52039d924e3,33.606822,-112.065515,Drink,1,2
426,4b2edcbdf964a52095e724e3,33.508003,-112.275574,Drink,0,2
427,4b2ee833f964a52020e824e3,33.379045,-112.170223,Shop & Service,1,8
428,4b302880f964a52013f724e3,33.561034,-112.115872,Food,0,3
429,4b315eedf964a520a20525e3,33.508373,-112.254696,Shop & Service,1,8
430,4b3174c1f964a5203d0725e3,33.63983,-112.087729,Food,0,3
431,4b3183b9f964a520420825e3,33.479278,-111.987484,Drink,0,2
432,4b330133f964a520f41625e3,33.533435,-112.260743,Nightlife Spot,0,4
433,4b332b95f964a520f31725e3,33.637884,-112.098022,Shop & Service,4,8
434,4b33b402f964a520531d25e3,33.611789,-112.110642,Shop & Service,0,8
435,4b33dacbf964a520a42025e3,33.600814,-111.976658,Shop & Service,3,8
436,4b341d3cf964a520282525e3,33.529703,-112.074653,Professional & Other Places,0,6
437,4b342dc4f964a520d72525e3,33.511316,-112.047222,Food,2,3
438,4b343cd0f964a5206a2625e3,33.643001,-112.031292,Nightlife Spot,0,4
439,4b35d316f964a5200a2f25e3,33.465442,-112.04727,Food,0,3
440,4b3670e6f964a5207a3525e3,33.596755,-111.980571,Food,8,3
441,4b36ea6bf964a520263e25e3,33.539606,-112.099342,Food,0,3
442,4b37a049f964a5203e4325e3,33.537525,-112.098209,Shop & Service,1,8
443,4b39b632f964a520ac5e25e3,33.476735,-111.986561,Food,0,3
444,4b3a440ef964a5204b6325e3,33.509973,-111.986457,Shop & Service,0,8
445,4b3a8847f964a520706925e3,33.465486,-112.082852,Drink,2,2
446,4b3aa36ff964a520ac6b25e3,33.509661,-112.046685,Shop & Service,1,8
447,4b3ab988f964a520646d25e3,33.479631,-112.223205,Food,0,3
448,4b3b95f7f964a520687625e3,33.509838,-112.099466,Shop & Service,0,8
449,4b3bc2d5f964a5208e7a25e3,33.450485,-111.975535,Professional & Other Places,0,6
450,4b3be4cff964a520cc7d25e3,33.508885,-112.063109,Food,0,3
451,4b3cfe3df964a520608b25e3,33.465559,-112.081034,Shop & Service,0,8
452,4b3d1b0af964a520168e25e3,33.538091,-112.25995,Food,0,3
453,4b3d4b4ef964a520ca9125e3,33.581478,-111.979103,Shop & Service,12,8
454,4b3ebf65f964a520aca125e3,33.507479,-111.949675,Travel & Transport,0,9
455,4b3f9986f964a52009aa25e3,33.404137,-111.978809,Food,1,3
456,4b3fb4bdf964a520b6ac25e3,33.56446,-112.288212,Food,0,3
457,4b3fc4a4f964a52050ae25e3,33.533746,-112.261423,Food,0,3
458,4b3feca5f964a5203cb225e3,33.538059,-112.055236,Food,1,3
459,4b3fed0ef964a52043b225e3,33.508874,-112.083721,Nightlife Spot,43,4
460,4b3ff197f964a520a9b225e3,33.608901,-112.066684,Shop & Service,0,8
461,4b405169f964a5209fb725e3,33.524129,-112.047791,Food,0,3
462,4b40f475f964a52029be25e3,33.576377,-112.117944,Food,1,3
463,4b42bbcdf964a52067d925e3,33.639713,-112.096369,Shop & Service,0,8
464,4b434117f964a5208edd25e3,33.636953,-112.071147,Outdoors & Recreation,4,5
465,4b438909f964a520a4e225e3,33.449527,-112.071871,Food,0,3
466,4b43bd5cf964a5201ae825e3,33.63813,-112.166854,Shop & Service,0,8
467,4b43e455f964a5205bed25e3,33.530112,-112.104787,Outdoors & Recreation,0,5
468,4b44d0c1f964a52008fd25e3,33.430618,-112.044894,Travel & Transport,0,9
469,4b44db67f964a5205bfe25e3,33.535099,-112.26079,Food,0,3
470,4b44e9c8f964a52094ff25e3,33.507719,-112.045722,Food,1,3
471,4b4546adf964a520b00926e3,33.478794,-112.04782,Food,0,3
472,4b468f48f964a520502426e3,33.508758,-112.052951,Shop & Service,0,8
473,4b469f88f964a520c32526e3,33.495466,-112.064688,Food,6,3
474,4b46bee9f964a520b12726e3,33.391867,-112.099697,Shop & Service,1,8
475,4b477cfdf964a520c33326e3,33.567176,-112.116466,Food,1,3
476,4b490b44f964a520696326e3,33.422355,-112.269546,Shop & Service,1,8
477,4b491cd0f964a5205b6626e3,33.422785,-112.271988,Drink,1,2
478,4b492b95f964a520b46826e3,33.464362,-112.074328,Food,1,3
479,4b492e50f964a5201c6926e3,33.507723,-112.267546,Outdoors & Recreation,15,5
480,4b496a57f964a5206e6f26e3,33.486101,-112.122998,Nightlife Spot,0,4
481,4b4a397cf964a520877f26e3,33.508005,-112.046345,Shop & Service,0,8
482,4b4a3d7df964a520458026e3,33.63983,-112.05646,Shop & Service,1,8
483,4b4a4bd1f964a520bf8226e3,33.379208,-112.03321,Shop & Service,0,8
484,4b4b3fcbf964a520839526e3,33.518296,-112.064629,Drink,2,2
485,4b4b8b8af964a520c69f26e3,33.424099,-112.239901,Shop & Service,2,8
486,4b4b972cf964a52039a126e3,33.522634,-112.09287,Shop & Service,15,8
487,4b4ba41ff964a520a6a226e3,33.553448,-112.117723,Shop & Service,1,8
488,4b4beb93f964a52044ab26e3,33.449812,-111.997032,College & University,0,1
489,4b4ccb33f964a52028bf26e3,33.389316,-111.960339,Shop & Service,0,8
490,4b4d11f5f964a520e2c926e3,33.611169,-112.187892,Food,0,3
491,4b4d29b2f964a52001cd26e3,33.583378,-111.976948,Food,0,3
492,4b4e35cbf964a52065e526e3,33.507336,-112.040258,Shop & Service,3,8
493,4b4e8298f964a5200ff026e3,33.581339,-112.118189,Food,4,3
494,4b4ebdf1f964a520d8f426e3,33.429319,-112.074182,Food,1,3
495,4b4f5132f964a5200e0127e3,33.486694,-112.029673,Food,0,3
496,4b4fa97cf964a520b10f27e3,33.598987,-111.9797,Food,5,3
497,4b4fe2a5f964a520a11827e3,33.435446,-111.993822,Professional & Other Places,0,6
498,4b509c7af964a5205e2927e3,33.453975,-112.082755,Food,0,3
499,4b50a00cf964a520fd2927e3,33.437067,-112.070732,Shop & Service,0,8
500,4b510eeef964a520164027e3,33.583807,-111.975098,Shop & Service,0,8
501,4b515427f964a5200c4b27e3,33.641245,-112.187585,Arts & Entertainment,0,0
502,4b51e604f964a520485a27e3,33.415548,-112.008103,Food,0,3
503,4b523c5bf964a520c07127e3,33.483722,-112.047395,Nightlife Spot,2,4
504,4b523fcff964a520a07227e3,33.538408,-112.183734,Shop & Service,0,8
505,4b524c14f964a5209e7527e3,33.641352,-112.011486,Shop & Service,1,8
506,4b5281acf964a520578027e3,33.599256,-111.981909,Shop & Service,7,8
507,4b528e3af964a520218227e3,33.452024,-112.071131,Professional & Other Places,0,6
508,4b533b46f964a520529327e3,33.479998,-112.032131,Food,0,3
509,4b537087f964a520f19c27e3,33.534817,-112.261895,Food,0,3
510,4b53a4cef964a520f6a527e3,33.5995,-111.979051,Shop & Service,4,8
511,4b53c3edf964a520baaa27e3,33.50681,-112.041009,Shop & Service,3,8
512,4b54d994f964a520a5cf27e3,33.611108,-111.994168,Shop & Service,5,8
513,4b54e606f964a5200bd227e3,33.47457,-112.064849,Food,6,3
514,4b54f227f964a5208ad427e3,33.458835,-112.082241,Shop & Service,1,8
515,4b550f58f964a520a9d927e3,33.44949,-112.072048,Travel & Transport,2,9
516,4b556d66f964a52006e427e3,33.582825,-112.151064,Food,0,3
517,4b55de48f964a520bcf327e3,33.493627,-112.04677,Shop & Service,0,8
518,4b55df97f964a52007f427e3,33.497432,-112.048577,Professional & Other Places,0,6
519,4b56135bf964a5201aff27e3,33.495554,-112.155116,Shop & Service,5,8
520,4b573166f964a5205e2a28e3,33.481308,-112.223121,Outdoors & Recreation,0,5
521,4b576dcbf964a5202e3728e3,33.575083,-112.12168,Shop & Service,1,8
522,4b57b598f964a520213d28e3,33.653985,-111.997303,Outdoors & Recreation,0,5
523,4b589c3ff964a520206128e3,33.509636,-112.07201,Food,6,3
524,4b58bbbdf964a520186828e3,33.488237,-112.099443,Professional & Other Places,0,6
525,4b592254f964a5204d7e28e3,33.436051,-111.999527,Food,15,3
526,4b59cf20f964a5204b9928e3,33.492151,-112.11911,Shop & Service,1,8
527,4b5a0b00f964a52091a928e3,33.479922,-112.118685,Food,0,3
528,4b5a58bbf964a520f6be28e3,33.377926,-112.171411,Food,0,3
529,4b5b1f8cf964a520bae428e3,33.639328,-112.064267,Shop & Service,2,8
530,4b5b5a5bf964a5200ef728e3,33.609365,-112.121572,Shop & Service,0,8
531,4b5b5de5f964a52030f828e3,33.63781,-112.190494,Food,0,3
532,4b5b8484f964a520190429e3,33.455546,-111.988646,Shop & Service,4,8
533,4b5b9e5cf964a520640b29e3,33.494548,-112.032084,Nightlife Spot,0,4
534,4b5be373f964a520c41b29e3,33.496097,-112.083247,Nightlife Spot,5,4
535,4b5c7c2bf964a520273229e3,33.480002,-111.991582,Professional & Other Places,0,6
536,4b5c9a07f964a5202e3929e3,33.478747,-112.082748,Professional & Other Places,0,6
537,4b5ccc58f964a520904429e3,33.42701,-112.222518,Professional & Other Places,9,6
538,4b5df632f964a520367629e3,33.524803,-112.20416,Shop & Service,0,8
539,4b5e037df964a520307929e3,33.548077,-112.04534,Travel & Transport,0,9
540,4b5e1745f964a5201b7d29e3,33.420481,-112.223196,Shop & Service,38,8
541,4b5e3baef964a5202d8529e3,33.625564,-111.975875,Shop & Service,3,8
542,4b5f8695f964a52089bf29e3,33.551616,-112.179672,Shop & Service,1,8
543,4b5f93f1f964a520a9c229e3,33.609566,-112.183968,Shop & Service,1,8
544,4b6115d1f964a52019092ae3,33.4784,-111.996474,Arts & Entertainment,0,0
545,4b619744f964a52018192ae3,33.451974,-112.073814,Travel & Transport,13,9
546,4b61e82ff964a5206e2a2ae3,33.508949,-112.05861,Shop & Service,0,8
547,4b620f1df964a52011332ae3,33.495012,-112.054766,Shop & Service,4,8
548,4b627adbf964a52025492ae3,33.487816,-112.048739,Nightlife Spot,0,4
549,4b633f2df964a5204e6d2ae3,33.551888,-112.269239,Food,0,3
550,4b639970f964a52001862ae3,33.565138,-112.253954,Shop & Service,0,8
551,4b63b5eff964a5208e8d2ae3,33.583069,-112.154848,Arts & Entertainment,10,0
552,4b63e911f964a520bb962ae3,33.655539,-112.030739,Nightlife Spot,0,4
553,4b646c2df964a520eab12ae3,33.480076,-112.077213,Food,0,3
554,4b6491d1f964a52089be2ae3,33.477947,-112.090832,Outdoors & Recreation,0,5
555,4b649610f964a520dbbf2ae3,33.610412,-112.169078,Food,2,3
556,4b6497baf964a5205bc02ae3,33.465341,-112.072354,Drink,2,2
557,4b649902f964a520c7c02ae3,33.580897,-112.152823,Shop & Service,0,8
558,4b64a3ccf964a52097c42ae3,33.639273,-112.108996,Shop & Service,0,8
559,4b64b987f964a52054cb2ae3,33.639078,-111.976128,Shop & Service,0,8
560,4b64d60af964a520cdd32ae3,33.552112,-112.26137,Food,0,3
561,4b650686f964a5201ee02ae3,33.494775,-112.256107,Shop & Service,77,8
562,4b661122f964a520c5112be3,33.492037,-112.172599,Arts & Entertainment,0,0
563,4b66e8f4f964a520cc2f2be3,33.663751,-112.184515,College & University,0,1
564,4b671793f964a520e5392be3,33.506575,-112.063912,Professional & Other Places,0,6
565,4b67328ef964a520d9402be3,33.466224,-112.056775,Professional & Other Places,0,6
566,4b6778f1f964a5200c512be3,33.639834,-112.068174,Food,1,3
567,4b6874a3f964a520b3792be3,33.501972,-112.082175,Food,0,3
568,4b69d797f964a5208eb72be3,33.509604,-112.064599,Shop & Service,6,8
569,4b6afe69f964a52044eb2be3,33.377093,-112.133245,Shop & Service,1,8
570,4b6b2bf1f964a52057f72be3,33.51095,-112.074031,Shop & Service,1,8
571,4b6c79fdf964a520433d2ce3,33.395368,-111.959878,Professional & Other Places,4,6
572,4b6ca052f964a5208b472ce3,33.58132,-112.12497,Shop & Service,3,8
573,4b6cb7baf964a520bd4e2ce3,33.522748,-112.097325,Shop & Service,0,8
574,4b6ccfe7f964a5202b562ce3,33.523576,-112.101044,Arts & Entertainment,1,0
575,4b6da855f964a520eb832ce3,33.50949,-112.042266,Shop & Service,1,8
576,4b6dca5af964a52025902ce3,33.48865,-112.082403,Food,4,3
577,4b6dcad9f964a5204d902ce3,33.566648,-112.186949,Food,0,3
578,4b6de390f964a52005992ce3,33.610499,-112.12017,Food,0,3
579,4b6dfe4df964a520d3a12ce3,33.590176,-112.100544,Outdoors & Recreation,0,5
580,4b6f10d9f964a520adda2ce3,33.516345,-112.082831,Drink,7,2
581,4b6f232af964a5208fdf2ce3,33.564324,-112.288747,Shop & Service,0,8
582,4b6f3476f964a52021e42ce3,33.467091,-111.987778,Shop & Service,0,8
583,4b70d971f964a52087312de3,33.495275,-112.020702,Food,0,3
584,4b717ceff964a5203f492de3,33.42435,-111.996024,Professional & Other Places,8,6
585,4b724225f964a520e8752de3,33.461449,-111.985554,Residence,0,7
586,4b730d63f964a52047982de3,33.511343,-111.953087,Outdoors & Recreation,0,5
587,4b7337d5f964a5208ba22de3,33.4834,-112.075376,Food,0,3
588,4b7348dbf964a52050a62de3,33.517672,-112.06353,Shop & Service,9,8
589,4b7365daf964a5209bac2de3,33.57993,-112.122119,Food,0,3
590,4b749156f964a52098e42de3,33.430832,-112.044411,Travel & Transport,2,9
591,4b74a840f964a520a8ea2de3,33.531686,-111.961026,Food,0,3
592,4b74acaaf964a520b5eb2de3,33.566956,-112.255583,Shop & Service,0,8
593,4b74c998f964a5200bf22de3,33.496993,-112.06942,Arts & Entertainment,8,0
594,4b75b95bf964a520f11f2ee3,33.507308,-112.047091,Food,0,3
595,4b771104f964a520c7792ee3,33.461731,-112.07534,Outdoors & Recreation,0,5
596,4b783e31f964a5200ebf2ee3,33.469361,-112.097712,Professional & Other Places,0,6
597,4b784beef964a5202fc32ee3,33.554187,-112.132324,Shop & Service,0,8
598,4b787663f964a520ffcf2ee3,33.466464,-112.203866,Shop & Service,0,8
599,4b799960f964a52082042fe3,33.667097,-112.187324,Food,0,3
600,4b7b5328f964a520645e2fe3,33.466317,-112.239493,Shop & Service,0,8
601,4b7bb32ff964a520416b2fe3,33.567986,-112.133814,Shop & Service,0,8
602,4b7c4586f964a520bb882fe3,33.639702,-112.078973,Shop & Service,1,8
603,4b7c5125f964a520f18b2fe3,33.494998,-112.056474,Shop & Service,7,8
604,4b7c8309f964a520eb972fe3,33.393252,-111.977013,Food,15,3
605,4b7c9fd1f964a520539e2fe3,33.655281,-112.029734,Shop & Service,0,8
606,4b7d8944f964a5202dc52fe3,33.581579,-112.170235,Food,0,3
607,4b7dd115f964a52093d62fe3,33.508834,-112.114207,Shop & Service,18,8
608,4b7e44c0f964a520c4e72fe3,33.480648,-111.949999,Shop & Service,6,8
609,4b7e930bf964a5207af32fe3,33.582344,-112.185743,Food,3,3
610,4b7ed797f964a5208c0330e3,33.471434,-112.237328,Shop & Service,1,8
611,4b7ee63df964a520f90730e3,33.495495,-112.082915,Shop & Service,1,8
612,4b7feedef964a520444530e3,33.508729,-112.046202,Food,0,3
613,4b802f9ff964a520615a30e3,33.469166,-112.047471,Food,3,3
614,4b808240f964a520a07830e3,33.639901,-112.067639,Food,1,3
615,4b808e5af964a520947c30e3,33.583147,-112.119609,Shop & Service,0,8
616,4b80e40af964a520ad9030e3,33.598049,-112.118212,Shop & Service,2,8
617,4b81ca14f964a52034be30e3,33.383091,-111.965072,Shop & Service,0,8
618,4b82a37ef964a520f0db30e3,33.596844,-112.150755,Shop & Service,4,8
619,4b82e511f964a52093eb30e3,33.524349,-112.047104,Nightlife Spot,0,4
620,4b8306d0f964a52050f330e3,33.480807,-111.996549,Professional & Other Places,0,6
621,4b833a52f964a5204ffe30e3,33.50681,-112.07452,Professional & Other Places,0,6
622,4b8421fcf964a520d12231e3,33.508955,-112.071265,Food,0,3
623,4b8558dbf964a520375831e3,33.6113,-112.185452,Drink,0,2
624,4b85b0c6f964a520186d31e3,33.430922,-112.044979,Travel & Transport,1,9
625,4b862926f964a5207d8131e3,33.494781,-112.100229,Shop & Service,0,8
626,4b86ebd4f964a52003a631e3,33.480042,-112.081279,Food,0,3
627,4b885a4ef964a52077f131e3,33.436742,-112.204313,Shop & Service,15,8
628,4b88b2eaf964a520720932e3,33.459002,-112.074987,Professional & Other Places,0,6
629,4b8955d3f964a520812c32e3,33.538201,-112.165586,Food,0,3
630,4b89568df964a520c22c32e3,33.459659,-112.076297,Outdoors & Recreation,16,5
631,4b8ab12ff964a520297a32e3,33.480211,-112.112175,Drink,0,2
632,4b8ac235f964a520167f32e3,33.552174,-112.260031,Food,0,3
633,4b8d3b4bf964a520cbee32e3,33.640163,-112.186017,Food,1,3
634,4b8d6db6f964a52040fb32e3,33.486015,-112.073287,Professional & Other Places,0,6
635,4b8d7617f964a5201dfd32e3,33.377828,-112.17085,Drink,0,2
636,4b8eb924f964a5203e3333e3,33.639783,-112.15125,Food,0,3
637,4b8ef112f964a5200c4033e3,33.379083,-111.977258,Shop & Service,2,8
638,4b8ef4daf964a5200b4133e3,33.598035,-112.06707,Outdoors & Recreation,0,5
639,4b8ef950f964a520214233e3,33.655301,-112.062207,Shop & Service,1,8
640,4b911535f964a520e4a233e3,33.656549,-112.04381,Professional & Other Places,0,6
641,4b928dbdf964a520c00334e3,33.437928,-112.001557,Travel & Transport,22,9
642,4b929d02f964a520db0934e3,33.583043,-112.187758,Shop & Service,2,8
643,4b92e40af964a520c62434e3,33.477641,-112.221208,Food,1,3
644,4b93dccbf964a520e15534e3,33.464624,-112.2186,Shop & Service,0,8
645,4b943336f964a520426e34e3,33.602264,-112.036561,Food,0,3
646,4b943a5ef964a520ef6f34e3,33.483894,-112.074898,Shop & Service,1,8
647,4b944083f964a520437134e3,33.666461,-112.168393,Shop & Service,0,8
648,4b944111f964a520627134e3,33.546104,-112.125137,Residence,0,7
649,4b94480ef964a520c37234e3,33.467121,-112.220999,Food,1,3
650,4b944f4df964a520087434e3,33.510413,-112.026258,Food,1,3
651,4b958bc7f964a5209fa834e3,33.510407,-112.074086,Food,0,3
652,4b966f12f964a52000cc34e3,33.465235,-112.169627,Food,0,3
653,4b96ef4cf964a520e8ee34e3,33.507684,-112.039867,Food,0,3
654,4b985f5bf964a520983e35e3,33.52442,-112.098522,Nightlife Spot,0,4
655,4b9896eef964a520f14735e3,33.523732,-112.108624,Food,0,3
656,4b99a32af964a520028935e3,33.575011,-112.122656,Arts & Entertainment,2,0
657,4b9ae832f964a520d0e135e3,33.66762,-112.124054,Food,0,3
658,4b9ba540f964a5204f1636e3,33.479961,-112.257459,Drink,0,2
659,4b9c0185f964a520ea3f36e3,33.501243,-112.082926,Nightlife Spot,1,4
660,4b9c6da5f964a520f56736e3,33.596656,-112.168273,Food,4,3
661,4b9cb933f964a520347836e3,33.466082,-112.044514,Nightlife Spot,2,4
662,4b9d45e9f964a5200a9f36e3,33.435775,-111.997504,Drink,0,2
663,4b9d7d46f964a520f9af36e3,33.566718,-112.263349,Shop & Service,0,8
664,4b9dd265f964a52014bf36e3,33.641686,-112.100171,Food,0,3
665,4b9ee3edf964a520dd0837e3,33.551735,-112.184026,Shop & Service,6,8
666,4b9fac76f964a520ad3337e3,33.437749,-111.999047,Travel & Transport,8,9
667,4ba01665f964a520f65837e3,33.53802,-112.199337,Food,0,3
668,4ba034c4f964a520806137e3,33.509894,-112.15883,Travel & Transport,0,9
669,4ba17e6cf964a520c7bb37e3,33.508829,-112.037906,Food,0,3
670,4ba235b5f964a520f0e337e3,33.524582,-112.110824,Food,0,3
671,4ba29112f964a520f20438e3,33.509482,-111.995788,Food,0,3
672,4ba2ce69f964a520b91a38e3,33.436876,-111.996936,Travel & Transport,13,9
673,4ba3c934f964a520275f38e3,33.50612,-112.041026,Shop & Service,0,8
674,4ba3dd08f964a520cf6738e3,33.430967,-112.044293,Travel & Transport,2,9
675,4ba50650f964a52016d238e3,33.596627,-112.013616,Shop & Service,0,8
676,4ba5230df964a52055e238e3,33.551883,-112.057972,Shop & Service,0,8
677,4ba52898f964a5207ae538e3,33.63874,-112.092326,Shop & Service,0,8
678,4ba82fcff964a5202dd039e3,33.449742,-112.271941,Shop & Service,0,8
679,4ba8b802f964a5206fe939e3,33.508156,-112.043192,Professional & Other Places,0,6
680,4ba8fdbff964a52044013ae3,33.378838,-111.979094,Shop & Service,0,8
681,4baa3545f964a52057533ae3,33.457175,-112.065001,Outdoors & Recreation,0,5
682,4baa7e20f964a520bd6e3ae3,33.670071,-112.120739,Travel & Transport,0,9
683,4baa8c7bf964a520a6733ae3,33.495153,-112.061797,Food,13,3
684,4baabc37f964a5207a833ae3,33.552176,-112.260829,Food,0,3
685,4baaedb7f964a520468e3ae3,33.43493,-111.983586,Professional & Other Places,2,6
686,4babb9f5f964a52024c43ae3,33.673483,-112.115936,Professional & Other Places,0,6
687,4babebb0f964a52080d53ae3,33.509316,-112.030168,Shop & Service,0,8
688,4babf25af964a52007d83ae3,33.506492,-112.073664,Arts & Entertainment,9,0
689,4bad469cf964a520ee403be3,33.522871,-112.095091,Food,0,3
690,4bad5e11f964a520c04a3be3,33.533429,-112.261253,Food,0,3
691,4bae3560f964a5206e923be3,33.437915,-111.999317,Travel & Transport,14,9
692,4bae4ec0f964a520a5a03be3,33.451164,-111.986818,Shop & Service,8,8
693,4bae9ee8f964a520a4c73be3,33.637522,-112.071754,Food,1,3
694,4baebcf1f964a520a1d33be3,33.55282,-112.053386,Food,0,3
695,4baf7855f964a52064023ce3,33.389593,-111.96534,Outdoors & Recreation,0,5
696,4baff64af964a5209c2e3ce3,33.460985,-112.204914,Shop & Service,0,8
697,4bb02954f964a520523a3ce3,33.49511,-112.079971,Food,4,3
698,4bb02f38f964a520713b3ce3,33.568919,-112.118259,Food,1,3
699,4bb197f4f964a520249b3ce3,33.522757,-112.098913,Shop & Service,27,8
700,4bb26f3e4019a5937ed336b8,33.422536,-112.222772,Food,3,3
701,4bb28ddc42959c74ad04212c,33.685233,-112.083002,Travel & Transport,0,9
702,4bb2d6724019a5938d5f37b8,33.422546,-112.225068,Food,29,3
703,4bb4310e737d76b0633a3b7c,33.425209,-112.029225,Travel & Transport,0,9
704,4bb4cb82613fb713353294e6,33.495618,-112.067562,Professional & Other Places,5,6
705,4bb51bd7ef159c74074874f7,33.512852,-112.09942,Shop & Service,3,8
706,4bb53779ef159c74c77874f7,33.396953,-112.125137,Residence,17,7
707,4bb55b70941ad13a1b2d1ee3,33.509747,-112.036508,Shop & Service,0,8
708,4bb649a1941ad13a06301fe3,33.612413,-112.012353,Food,0,3
709,4bb67365f562ef3b892e3097,33.602253,-111.985123,Drink,11,2
710,4bb679a81344b71386939d04,33.45443,-112.074444,Professional & Other Places,0,6
711,4bb680d62ea19521b7cbab2f,33.447628,-112.073722,Shop & Service,9,8
712,4bb7826e53649c74c8c745fb,33.639858,-112.064937,Shop & Service,0,8
713,4bb79cd2314e95217a67479d,33.505795,-111.949079,Outdoors & Recreation,0,5
714,4bb79e9698c7ef3b48133002,33.445596,-112.068104,Nightlife Spot,0,4
715,4bb7a2673db7b713e64b209a,33.508284,-112.037233,Food,0,3
716,4bb7d1d6cf2fc9b66fdb9e02,33.479053,-111.986492,Shop & Service,1,8
717,4bb7e92e314e9521f8e9479d,33.537786,-112.065432,Shop & Service,1,8
718,4bb8b60ab35776b0bb21c901,33.597114,-112.036933,Food,0,3
719,4bb98fc553649c74f61b48fb,33.59538,-112.15198,Food,0,3
720,4bba8cd0b35776b0d01bcb01,33.639558,-112.011416,Outdoors & Recreation,0,5
721,4bbb2cd47421a593077cc440,33.565709,-112.113246,Professional & Other Places,0,6
722,4bbe30739474c9b62d39d9b6,33.567237,-112.103365,Food,0,3
723,4bbe3da40ec69c7475105659,33.449318,-112.071254,Drink,6,2
724,4bbe935b006dc9b6d677fb3f,33.437371,-112.001994,Travel & Transport,20,9
725,4bbea1d8ba9776b0e716fec8,33.611446,-112.110999,Shop & Service,3,8
726,4bbf85ecf8219c74b91fb010,33.552858,-112.101044,Food,0,3
727,4bbf8c004cdfc9b63c739121,33.464817,-112.058801,Professional & Other Places,2,6
728,4bbf9e4e74a9a59377c5cef6,33.437458,-111.997333,Travel & Transport,4,9
729,4bbfe5fdf8219c7410e6b010,33.555335,-112.099255,Food,0,3
730,4bc00e3a461576b012bf7932,33.639099,-112.190156,Nightlife Spot,0,4
731,4bc01aedf8219c74643cb110,33.667123,-112.117758,Shop & Service,0,8
732,4bc08e9a74a9a5938b2dd0f6,33.43547,-111.997032,Travel & Transport,1,9
733,4bc2af13920eb713cc921c2c,33.446203,-111.970574,Nightlife Spot,4,4
734,4bc376db2a89ef3be110f588,33.45091,-112.070706,Arts & Entertainment,0,0
735,4bc3add1920eb713e2d61d2c,33.57525,-112.12599,Food,3,3
736,4bc3b056f8219c749f7bb610,33.640415,-112.153049,Outdoors & Recreation,0,5
737,4bc3b9ca461576b00e1a7f32,33.583006,-111.972036,Professional & Other Places,1,6
738,4bc3e85cdce4eee1b3ce719d,33.493603,-112.082105,Travel & Transport,0,9
739,4bc47e11abf495215112c593,33.486963,-112.068872,Shop & Service,26,8
740,4bc50d6a6cccd13aceb2ff8b,33.634773,-112.067562,Residence,4,7
741,4bc581055935c9b61002a6d2,33.475357,-111.98655,Food,0,3
742,4bc585636a3e9c744cf7f548,33.466694,-111.987708,Food,0,3
743,4bc5e192d35d9c74f1bae13a,33.573873,-112.11593,Travel & Transport,0,9
744,4bc6120fbf29c9b6f832f92a,33.509402,-111.996174,Shop & Service,0,8
745,4bc65eda51b376b0ea841b6f,33.520319,-112.095018,Food,16,3
746,4bc746c292b376b067604f3a,33.408316,-112.013855,College & University,0,1
747,4bc81d3315a7ef3b95987ada,33.554167,-112.106219,Outdoors & Recreation,0,5
748,4bc895760050b7135ca8ba3b,33.465638,-112.169675,Shop & Service,0,8
749,4bc904fc937ca593ee0fa592,33.537217,-112.107861,Professional & Other Places,0,6
750,4bc93b9cb6c49c74c43a8e91,33.428422,-111.951798,Outdoors & Recreation,0,5
751,4bcb87293740b71384b86265,33.480726,-112.020777,Food,0,3
752,4bcca312b6c49c74da199491,33.477219,-112.073885,Professional & Other Places,0,6
753,4bcca346b6c49c743c1a9491,33.509637,-112.038587,Shop & Service,1,8
754,4bccb675937ca593d29fab92,33.463721,-112.274159,Shop & Service,0,8
755,4bcceb6e511f95215ceeb3c7,33.437279,-112.001903,Food,20,3
756,4bcd12ea8920b7139e599fdc,33.509742,-112.108762,Food,0,3
757,4bcdf21b511f95219f7db5c7,33.436874,-111.999441,Travel & Transport,21,9
758,4bcf42e10ffdce727c52b2c0,33.587866,-111.959664,Travel & Transport,9,9
759,4bcf4d0a77b29c7432d28882,33.581488,-112.133544,Food,1,3
760,4bd09417b221c9b6d9f8d3d0,33.449545,-111.987784,Professional & Other Places,0,6
761,4bd0d0cd046076b02fc67071,33.522237,-112.098225,Shop & Service,0,8
762,4bd0f58bb221c9b693dbd4d0,33.554283,-112.098762,Shop & Service,0,8
763,4bd0fc8541b9ef3b6a51fbe5,33.494895,-112.001581,Food,0,3
764,4bd1077da8b3a5930637655f,33.509756,-112.169036,Shop & Service,0,8
765,4bd1ad049854d13a1deff94d,33.540806,-112.035426,Professional & Other Places,0,6
766,4bd1da8d046076b0c4a37271,33.538059,-112.063988,Food,1,3
767,4bd2454ba8b3a5936a9c675f,33.581376,-112.122986,Food,2,3
768,4bd264df462cb7136066dc07,33.378734,-111.969037,Food,0,3
769,4bd26fc0046076b0e3207471,33.568378,-112.185881,Food,0,3
770,4bd3cd50046076b05c007771,33.479934,-112.112305,Food,1,3
771,4bd4acd2637ba593d537f570,33.43671,-112.001562,Travel & Transport,22,9
772,4bd4aeda7b1876b091958986,33.602695,-111.983532,Food,17,3
773,4bd4ee2a6798ef3b3cb8628d,33.483138,-112.005905,Residence,0,7
774,4bd4f4a44e32d13afe42c080,33.610188,-112.132602,Shop & Service,0,8
775,4bd5f1b6637ba5930156f770,33.452502,-111.989461,Professional & Other Places,0,6
776,4bd64eff29eb9c740b0395e1,33.485496,-112.169691,Professional & Other Places,0,6
777,4bd6841c5631c9b6740ca630,33.612087,-112.169123,Nightlife Spot,1,4
778,4bd721687b1876b0a0b08d86,33.552882,-112.100007,Food,4,3
779,4bd7637835aad13a47c88ef3,33.506065,-111.948118,Food,0,3
780,4bd768a2e914a593bc2f51fa,33.436061,-111.996818,Travel & Transport,108,9
781,4bd77f77304fce7206a433ab,33.487017,-112.084934,Residence,18,7
782,4bd896d751170f47a0c333e4,33.581192,-112.135212,Shop & Service,0,8
783,4bd8df8d2e6f0f47f2060908,33.539686,-112.023147,Outdoors & Recreation,0,5
784,4bda48eec79cc9286c697ee9,33.447897,-112.073556,Outdoors & Recreation,133,5
785,4bdab3573904a593710d479e,33.434306,-112.207918,Professional & Other Places,9,6
786,4bdaf71ba8d976b010940cb5,33.567192,-111.942349,Shop & Service,0,8
787,4bdcb76e4b1f952154db670b,33.437975,-111.999194,Travel & Transport,27,9
788,4bdcc6e43904a59396bc4f9e,33.570793,-112.089738,Outdoors & Recreation,0,5
789,4bddb060e75c0f474933c503,33.565276,-112.290476,Shop & Service,0,8
790,4bddcaab587b2d7fb2185509,33.683353,-112.13559,Shop & Service,0,8
791,4bddd92bffdec928b3ace6a1,33.465351,-112.277527,Drink,0,2
792,4be1af25a90320a1488d559f,33.539141,-112.185817,Outdoors & Recreation,0,5
793,4be2036fae55a59372675c62,33.611179,-112.150594,Shop & Service,6,8
794,4be225b1b02ec9b6bf694cc0,33.598915,-112.134362,Food,0,3
795,4be2ea1d1dd22d7fa52095bd,33.582898,-112.170142,Shop & Service,1,8
796,4be34c86b02ec9b6472a4fc0,33.551619,-112.099146,Shop & Service,2,8
797,4be369a51dd22d7f9cb496bd,33.53467,-112.111273,Shop & Service,3,8
798,4be37f84f07b0f47585af843,33.483116,-112.088528,Arts & Entertainment,0,0
799,4be3da77cbdbef3bcaa460d8,33.506973,-112.074601,Outdoors & Recreation,0,5
800,4be474dabcef2d7f329502e5,33.51086,-112.029122,Shop & Service,1,8
801,4be4b458cf200f47f462123c,33.4424,-112.073486,Nightlife Spot,1,4
802,4be5a561910020a19d3ed314,33.582998,-112.119866,Shop & Service,4,8
803,4be5fba7477d9c7479b7e62d,33.507734,-112.290594,Shop & Service,0,8
804,4be61a4bcf200f47ef3c143c,33.463282,-111.98988,Professional & Other Places,0,6
805,4be82ac89a54a593569b0911,33.551492,-112.048816,Professional & Other Places,1,6
806,4be85e6c88ed2d7ff3c8cb1d,33.399923,-112.00174,Food,0,3
807,4be9b67fb3352d7fdc5054d2,33.496592,-112.101405,Shop & Service,0,8
808,4bea4444246fb713c2dfabdf,33.466121,-112.082391,Shop & Service,0,8
809,4bec73c249430f4721bd07d2,33.481872,-112.088136,College & University,0,1
810,4bec9ceabbe62d7fce237f2b,33.578297,-112.124884,Shop & Service,0,8
811,4becd68b2cf820a14a57b91c,33.494175,-112.279684,Food,5,3
812,4becdb1616e99c74c67208e2,33.566899,-112.056014,Arts & Entertainment,0,0
813,4becece92a7bb713f7ffce9d,33.449109,-112.087048,Professional & Other Places,0,6
814,4bed85001059d13a30e951d8,33.570384,-112.188742,College & University,2,1
815,4bede5ea4daaa5939e6d8f61,33.508001,-112.273461,Food,0,3
816,4bf02101d4e4d13a12e215a7,33.43736,-111.999649,Shop & Service,57,8
817,4bf071333a15d13a71913e9f,33.522777,-112.093988,Shop & Service,21,8
818,4bf17980ef99c9b685595b42,33.50646,-112.073646,Arts & Entertainment,0,0
819,4bf1895125afb713f90a4b6f,33.476986,-111.985445,Shop & Service,5,8
820,4bf3364c706e20a18107a898,33.49344,-112.215363,Arts & Entertainment,2,0
821,4bf3ea763f86c9b6e29ab21c,33.520136,-112.095205,Shop & Service,6,8
822,4bf447fd706e20a1b028a998,33.501528,-112.056681,Professional & Other Places,0,6
823,4bf49df1e5eba59320f01f90,33.503024,-112.065675,Shop & Service,0,8
824,4bf5e5aa5e800f474684e6d4,33.624737,-112.129855,Food,4,3
825,4bf6dca2508c0f4727003d31,33.584206,-112.148983,Residence,2,7
826,4bf709515317a5933053fd7e,33.540535,-112.263328,Food,0,3
827,4bf786595efe2d7f34386934,33.534067,-112.261393,Food,1,3
828,4bf89d355efe2d7fa6256b34,33.492976,-112.289749,Food,2,3
829,4bf964834a67c9286bc026cf,33.437975,-112.001782,Travel & Transport,6,9
830,4bf9d0aa5317a5932cee017f,33.510342,-112.064604,Shop & Service,16,8
831,4bf9d1128d30d13a36e10218,33.637721,-112.180527,Arts & Entertainment,0,0
832,4bfaf786ab180f476035b3ce,33.467166,-112.072331,Arts & Entertainment,0,0
833,4bfb637b8f32ef3b981605aa,33.501412,-112.073821,Travel & Transport,302,9
834,4bfc3303f4dc9c7444949e3f,33.510806,-112.257121,Professional & Other Places,48,6
835,4bfc67562fcf9521aec735b4,33.448004,-112.059152,Professional & Other Places,1,6
836,4bfd4f9083bbd13a85f862c5,33.414249,-111.968322,Professional & Other Places,6,6
837,4bfd81e64cf820a1a292ecf4,33.574506,-112.120401,Shop & Service,0,8
838,4bfe972bb68d0f47bf68ea57,33.568068,-112.185359,Food,1,3
839,4bfed2cd4e5d0f47de377d1f,33.491276,-112.072922,Shop & Service,0,8
840,4c0021dcc30a2d7f0912121d,33.581555,-112.120681,Food,0,3
841,4c00e365147bd13a15a42a4d,33.55375,-112.100223,Shop & Service,1,8
842,4c01e39c27dcc9285757e152,33.458791,-112.077595,Food,18,3
843,4c04059139d476b0f7e530a7,33.528413,-112.090943,Outdoors & Recreation,0,5
844,4c0468bef56c2d7f2f491e66,33.639778,-112.067551,Food,0,3
845,4c049930f56c2d7f4e831e66,33.504868,-111.946287,Residence,0,7
846,4c0515d973a8c9b6f9e996e0,33.538878,-112.218699,Shop & Service,0,8
847,4c0576125753c9284c8239f1,33.440272,-112.081925,Food,0,3
848,4c072257b4aa0f47cc466562,33.537028,-112.23896,Food,0,3
849,4c07c7db221620a11e4ff775,33.422774,-112.168715,Shop & Service,4,8
850,4c089c777e3fc928e5aaf082,33.466291,-112.11668,Shop & Service,0,8
851,4c09c5f73c70b71302e0275b,33.523043,-112.095308,Shop & Service,0,8
852,4c0a51a9340720a1ae288693,33.436679,-111.999435,Travel & Transport,17,9
853,4c0ae441bbc676b0d6b64ad5,33.477773,-112.224569,Shop & Service,7,8
854,4c0c0d44009a0f47710fecbf,33.434987,-111.996775,Travel & Transport,5,9
855,4c0c4e266071a59371aae232,33.542112,-112.263099,Residence,0,7
856,4c0c793fb1b676b0d437df86,33.412511,-111.964223,Shop & Service,0,8
857,4c0dbb6998102d7f32b4e206,33.555023,-112.158888,Professional & Other Places,0,6
858,4c0e9312d64c0f477a6b285d,33.465495,-112.029948,Shop & Service,1,8
859,4c0ec81d7189c9289d11d9b6,33.448497,-112.077445,Residence,0,7
860,4c0ef4d32466a593affe7921,33.553013,-112.27067,Shop & Service,0,8
861,4c116470416620a14205d9e4,33.480796,-112.012347,Shop & Service,0,8
862,4c1176ec6e5dc9b61f2db02d,33.671669,-112.116483,Professional & Other Places,0,6
863,4c12ae11a9c220a19070549d,33.51575,-112.047279,Professional & Other Places,0,6
864,4c13986fa1010f47bad34a18,33.466302,-112.065932,Food,6,3
865,4c13ed7bf1e0b713d1bd34bc,33.639749,-112.066963,Food,1,3
866,4c17a8f6c2dfc9280b5aa869,33.493718,-112.168267,Professional & Other Places,5,6
867,4c190ba9fe5a76b067f80215,33.492577,-112.288782,Shop & Service,0,8
868,4c193ce7838020a19b69e561,33.480582,-112.082676,Shop & Service,0,8
869,4c1a9e04b4e62d7f1a18d893,33.451744,-112.083129,Shop & Service,0,8
870,4c1d811fb4e62d7feaf3dc93,33.46962,-112.096916,Arts & Entertainment,0,0
871,4c1f1a70920076b06b4fc4e9,33.601008,-112.172828,Residence,1,7
872,4c2221e09a67a593f5f2db87,33.436921,-111.996818,Travel & Transport,3,9
873,4c240ebfc11dc9b695f22424,33.494508,-112.169356,Shop & Service,5,8
874,4c281fc0783d9c74fa3b8f6b,33.611224,-111.977178,Shop & Service,0,8
875,4c2a3f2fc758e21ebd583a3f,33.407584,-111.993705,Food,0,3
876,4c2a7ead2219c9281a30a348,33.465893,-112.060629,Shop & Service,24,8
877,4c2e27dc260bc9289b341bd3,33.501623,-112.074397,Residence,472,7
878,4c2e8b8b66e40f47027bc08b,33.622829,-112.113214,Residence,4,7
879,4c38db12a52cb713407b5f26,33.551825,-112.182349,Shop & Service,1,8
880,4c3a451f3849c92892b5c2b1,33.501459,-112.074217,Outdoors & Recreation,26,5
881,4c3cca6017f2ef3ba13081f4,33.423159,-112.001827,Professional & Other Places,16,6
882,4c3d1789980320a150a68be4,33.494989,-111.97978,Food,0,3
883,4c3ddb784bc9a593258ed471,33.401963,-111.96923,Travel & Transport,1,9
884,4c3e0f406faac9b672b10d76,33.569496,-112.190773,College & University,15,1
885,4c3f2dc48d99b713c4151b06,33.488049,-112.057723,Residence,23,7
886,4c3f4f4cda3dc928f9b1c5b9,33.474373,-112.104964,Professional & Other Places,0,6
887,4c3fc006af052d7f15e37a79,33.479249,-111.998486,Shop & Service,0,8
888,4c3fcb29da3dc928e780c6b9,33.639218,-112.071673,Shop & Service,6,8
889,4c40927dd7fad13a542c06da,33.445996,-112.057316,Professional & Other Places,0,6
890,4c41f201a5c5ef3bb662b06f,33.521742,-112.064285,Arts & Entertainment,0,0
891,4c43db8af05e952170e3e3b3,33.538813,-112.204937,Shop & Service,1,8
892,4c43fe5056a7ef3b491dce21,33.507568,-112.238099,Food,0,3
893,4c44d8c92d3ec9b6b6782fae,33.447601,-112.074344,Arts & Entertainment,1,0
894,4c464825cd5ca593be6b0087,33.488436,-112.082449,Food,0,3
895,4c465941f1b5c9b6865879ef,33.450183,-112.029714,Food,0,3
896,4c471b9589a6c9b6bc169988,33.435435,-112.00877,Travel & Transport,13,9
897,4c47396731e41b8d5c194c35,33.482033,-112.090459,Professional & Other Places,0,6
898,4c474b9696abd13a2b4c7001,33.423432,-112.225708,Food,3,3
899,4c478c77eb489c74a391c847,33.447404,-112.074816,Shop & Service,23,8
900,4c48c1fc6f1420a12730b354,33.43572,-111.996878,Travel & Transport,0,9
901,4c49294b20ab1b8d88176816,33.437089,-112.019909,Professional & Other Places,8,6
902,4c492b626594be9adec2b824,33.48572,-112.073256,Outdoors & Recreation,0,5
903,4c4a2613712ac92894d1066b,33.437973,-111.996844,Travel & Transport,19,9
904,4c4b46759e6dbe9a5ac7d10b,33.49515,-112.057478,Shop & Service,49,8
905,4c4b65fc9e6dbe9a65d5f80b,33.660369,-112.066724,Professional & Other Places,0,6
906,4c4cd8fee906c9288062053b,33.378393,-112.099771,Shop & Service,1,8
907,4c4cea15f5afa593347ab2d6,33.638813,-112.069111,Shop & Service,9,8
908,4c4f460992ce2d7f3c57882f,33.666833,-112.127026,Food,1,3
909,4c4f5295eaa1be9a064dbc45,33.458123,-112.074106,Professional & Other Places,0,6
910,4c52f242048b1b8d40443131,33.508563,-112.012097,Outdoors & Recreation,0,5
911,4c550afbf5f3d13a2a4018fb,33.456067,-112.074073,Nightlife Spot,3,4
912,4c56de9e6418a59370fe7d0e,33.430398,-112.234528,Professional & Other Places,2,6
913,4c56f9a0cc96c9b642df772e,33.378697,-111.963559,Travel & Transport,2,9
914,4c574755744a0f4706a3c8cb,33.500858,-112.068765,Outdoors & Recreation,2,5
915,4c5750ee2308be9ac3ef586c,33.393908,-111.959419,Professional & Other Places,59,6
916,4c575aba12f0d13acf0307ad,33.612264,-112.120809,Arts & Entertainment,0,0
917,4c57b4c4744a0f47f2b0c9cb,33.533882,-112.205764,Residence,0,7
918,4c59fa4304f9be9ab6b9f060,33.467992,-112.112292,Nightlife Spot,0,4
919,4c5c85266ebe2d7f7e52d02e,33.434056,-111.994629,Travel & Transport,0,9
920,4c600cb923e303bbe9d27407,33.480744,-112.237358,Shop & Service,0,8
921,4c604248de6920a1977a9564,33.458894,-112.16849,Shop & Service,0,8
922,4c6046a6c6a103bb1301685b,33.52315,-112.094321,Shop & Service,19,8
923,4c60545e13791b8d4f444faf,33.512677,-112.065228,Food,0,3
924,4c615a7312e5c928bf56214c,33.684667,-112.12319,College & University,0,1
925,4c620851fa7bc9285e610d27,33.530027,-112.056577,Food,0,3
926,4c6297dcfa7bc9283c630e27,33.493881,-112.100179,Professional & Other Places,0,6
927,4c6355e569a1c9b663153ba4,33.594846,-112.148983,Residence,0,7
928,4c669ce8e1da1b8d33569bc3,33.523837,-112.073623,Outdoors & Recreation,1,5
929,4c677e1bb80abe9a9875d0e5,33.561357,-112.073743,Nightlife Spot,0,4
930,4c6860066b25e21e4888192f,33.463585,-112.273681,Shop & Service,0,8
931,4c6866416b25e21ea29d192f,33.463666,-112.275135,Shop & Service,0,8
932,4c69d5df897b1b8d255db017,33.383452,-111.964199,Shop & Service,0,8
933,4c6af881e503c92862fc46b3,33.417705,-112.204828,Professional & Other Places,1,6
934,4c6bd4c47c052d7f83502acf,33.435542,-112.013791,Travel & Transport,8,9
935,4c6d9c7306ed6dcb9464a422,33.57028,-112.118428,Shop & Service,0,8
936,4c6edcaa9c6d6dcb4fc4cd7a,33.457059,-112.070938,Arts & Entertainment,0,0
937,4c71a6998efc3704de12117d,33.379092,-112.220518,Residence,0,7
938,4c7460413adda143689004af,33.509087,-112.060501,Shop & Service,0,8
939,4c746ec9604a3704a0208049,33.551994,-112.240384,Professional & Other Places,0,6
940,4c76ee625cd6b1f78a853d94,33.434275,-111.994575,Travel & Transport,0,9
941,4c773395923ba143c29b66e6,33.457887,-112.068443,Food,13,3
942,4c7828ec748cb71390fb3568,33.622829,-112.113214,Residence,28,7
943,4c79249d81bca0939f3afc14,33.480282,-112.110034,Food,0,3
944,4c7ae3103badb1f769a95354,33.540296,-112.098616,Residence,0,7
945,4c7d6d54d461a143921f7df5,33.4337,-112.107136,Outdoors & Recreation,8,5
946,4c802eba2f1c236a71782443,33.494985,-112.00162,Shop & Service,0,8
947,4c81c89247cc224b031e809f,33.433998,-111.99946,Travel & Transport,0,9
948,4c82d981d92ea09300144f72,33.436509,-111.996528,Travel & Transport,0,9
949,4c83dc17d4e23704c0967488,33.480999,-112.184276,Food,0,3
950,4c83f9c951ada1cd58cf2a10,33.462881,-112.201846,Travel & Transport,46,9
951,4c840666d34ca143fb013b80,33.507698,-112.045999,Shop & Service,0,8
952,4c8530e2d34ca14305024580,33.462683,-112.189952,Travel & Transport,42,9
953,4c854b2151ada1cdc2723610,33.542001,-112.263094,Outdoors & Recreation,0,5
954,4c85b06347cc224bce9ba39f,33.448251,-112.073762,Outdoors & Recreation,318,5
955,4c86832974d7b60cb7c9a4d8,33.44812,-112.074934,Food,3,3
956,4c870f1e9c808cfad7b7111e,33.434235,-111.996742,Travel & Transport,5,9
957,4c87bc1314c4b60c67142235,33.569423,-112.190261,College & University,35,1
958,4c894ad87223b1f742bc32a8,33.640102,-111.982259,Nightlife Spot,0,4
959,4c895028da5da1cd6c723be9,33.509531,-112.063796,Food,0,3
960,4c8adcc4e51e6dcb48376dde,33.554304,-112.11416,Shop & Service,0,8
961,4c8ba7d2e51e6dcb944574de,33.597501,-112.006502,Shop & Service,0,8
962,4c8c6400f0ce236a372b18ef,33.437243,-112.117682,Shop & Service,0,8
963,4c8da9dcd2aea0933111c869,33.663666,-112.065522,Residence,0,7
964,4c92e9ed1221b1f731f915e2,33.462523,-112.220535,Travel & Transport,71,9
965,4c9423f36b35a14307f618dc,33.50861,-112.094537,Food,0,3
966,4c9840ea07916dcb66ddea1b,33.553268,-112.057136,Nightlife Spot,0,4
967,4c98f37c7b9d3704faa1e285,33.441008,-112.066299,Professional & Other Places,0,6
968,4ca23fb3750ca093d3c20e67,33.412089,-112.01375,Drink,0,2
969,4ca2f3d1750ca093c3a81467,33.607864,-112.164831,College & University,0,1
970,4ca362ffa73cb60cb6481878,33.570797,-112.191478,College & University,11,1
971,4ca6db0444a8224bbabd0740,33.390209,-111.963816,Residence,0,7
972,4caccc3797c8a1cdf700a4a5,33.638885,-112.154307,Food,0,3
973,4cae2d8c1463a14389758aa9,33.664005,-112.128057,Professional & Other Places,0,6
974,4cafb497eb65b1f7e40566cd,33.435758,-111.997897,Food,15,3
975,4cafcb441463a143f0b897a9,33.451413,-112.037114,Nightlife Spot,4,4
976,4cb0b5641463a143b7649fa9,33.53799,-112.057056,Food,1,3
977,4cb5ffad1b0af04d7171cd25,33.448208,-112.188311,Professional & Other Places,0,6
978,4cba12f9c7228cfab2af14ce,33.458343,-112.067778,Drink,0,2
979,4cbcddf0a33bb1f75f299cfd,33.52222,-112.095823,Food,17,3
980,4cbde53eadcd5481ae5f36a2,33.611027,-112.168092,Shop & Service,4,8
981,4cbf22037dc9a093891237f5,33.480636,-111.986381,Shop & Service,0,8
982,4cc0b77143646dcb669f408c,33.56937,-112.188456,College & University,11,1
983,4cc1d330be40a35d80776d4c,33.58152,-112.13089,Professional & Other Places,1,6
984,4cc1f1801e596dcb9e4ebf67,33.437562,-112.039611,Professional & Other Places,2,6
985,4cc478498062468817af362f,33.546603,-112.065522,Residence,0,7
986,4cc59c423d7fa1cda4afb25f,33.404592,-111.99406,Professional & Other Places,0,6
987,4cc5abb301fb236a0ffcb2ba,33.671349,-112.110819,Professional & Other Places,0,6
988,4cc872487be65481c7032e23,33.5689,-112.188928,College & University,6,1
989,4cccd30c566aa093154424fd,33.510242,-112.0282,Food,0,3
990,4ccd15b554f0b1f745c61aca,33.509484,-112.061484,Nightlife Spot,1,4
991,4ccf5f30f6378cfa1c4caed6,33.510314,-112.046524,Food,0,3
992,4cd163fade0f6dcba1987063,33.39313,-111.976233,Food,12,3
993,4cd1d4536200b1f7e616dc28,33.446529,-112.071702,Shop & Service,5,8
994,4cd321166be6a143d2a79202,33.552011,-112.099944,Food,13,3
995,4cd5a78a94848cfa70efe7b1,33.505887,-112.273583,Shop & Service,0,8
996,4cd5a8c3fb59548154a9df50,33.412304,-111.966883,Professional & Other Places,0,6
997,4cd78a4689eb6dcbfb08361e,33.461819,-112.005905,Residence,0,7
998,4cd8bc621891236ad4fe370b,33.451012,-112.073153,Professional & Other Places,14,6
999,4cd9ea8ba89254818d661bfa,33.581933,-112.117094,Travel & Transport,0,9
1000,4cdafab8958f236ab832aa03,33.6035,-111.983779,Professional & Other Places,9,6
1001,4cdc3fb6cea2224b57368a4c,33.45277,-112.068414,Food,0,3
1002,4cdf3fddf8a4a1438937ddbc,33.381933,-112.0832,Outdoors & Recreation,1,5
1003,4ce1c781ffcf3704e3d22782,33.491577,-112.017829,Residence,0,7
1004,4ce76f81e888f04d25623c6b,33.448394,-112.071877,Nightlife Spot,0,4
1005,4cf19bb87e93f04d163e4e69,33.501775,-112.077445,Residence,296,7
1006,4cf43ba67e93f04df0685c69,33.511023,-112.073937,Shop & Service,0,8
1007,4cf6f7f30a71224b9c1e2193,33.5105,-112.080074,Residence,3,7
1008,4cfc0328d8468cfad8f2f76b,33.612609,-112.175506,Residence,7,7
1009,4cfd702e2d80a14382d856d8,33.491577,-112.017829,Residence,0,7
1010,4d0016b36923721e17cbc23b,33.461789,-112.268708,Travel & Transport,1,9
1011,4d02f4c8a26854813a18afbd,33.510001,-112.024133,Food,0,3
1012,4d06672228926ea8556e75c2,33.560643,-112.057712,Residence,0,7
1013,4d0d74e9be6d6ea8484f05b5,33.492972,-112.080627,Residence,21,7
1014,4d113e3099b78cfa2a6cc8d5,33.66227,-112.164762,Shop & Service,0,8
1015,4d1439d86c8b5481b56ad5cc,33.51478,-111.961661,Outdoors & Recreation,0,5
1016,4d1f5638e56f6ea8ad936c1d,33.53992,-112.101291,Residence,32,7
1017,4d2113a66e8c3704b878ff9f,33.437892,-111.994194,Travel & Transport,0,9
1018,4d21f7b19822a0907a8ffeaf,33.646848,-112.041675,Residence,7,7
1019,4d29785e77a2a1cd6a7b6cb7,33.448474,-112.071647,Arts & Entertainment,0,0
1020,4d2acecf8e102c0fbe19d16e,33.467586,-112.089368,Residence,0,7
1021,4d2bc617915fa09394161a0a,33.634386,-112.069794,Outdoors & Recreation,3,5
1022,4d2dd4f1aa5c6ea89297b004,33.386446,-111.967721,Outdoors & Recreation,0,5
1023,4d2f09345055a35d10fa97ca,33.510198,-112.027438,Drink,8,2
1024,4d2f336d79dd6ea8ddb28fd3,33.463558,-112.292007,Professional & Other Places,2,6
1025,4d2f9dddf9daa1cd4f8e5e50,33.426664,-112.255374,Travel & Transport,6,9
1026,4d34aaa972a8b1f76f88b2d0,33.451672,-112.073309,Travel & Transport,0,9
1027,4d39dbf934ee3704e14d719b,33.455789,-112.073483,Food,0,3
1028,4d39e8f449cb236a3fc2b447,33.508218,-112.013477,Professional & Other Places,0,6
1029,4d3b539836718eec3c69748e,33.495686,-111.988978,Food,0,3
1030,4d3dcddd3ec9a35debba5481,33.422681,-111.981531,Professional & Other Places,0,6
1031,4d3f5ed34677548175134ef4,33.509062,-112.091816,Shop & Service,1,8
1032,4d41ea48aed776eb43a86897,33.602683,-111.98368,Shop & Service,10,8
1033,4d4464d4bf61a1cd2b5408ac,33.447369,-112.072896,Food,6,3
1034,4d463bfee198721ea5a1cd8b,33.565159,-112.13706,Residence,3,7
1035,4d4a39787d36f04d4b9119e5,33.436692,-112.008848,Travel & Transport,0,9
1036,4d4d89f4b887a1cdf3f8bca0,33.452337,-112.069495,Food,0,3
1037,4d4f7ba84015b1f7aab25ccf,33.458621,-111.969824,Outdoors & Recreation,0,5
1038,4d5aeb51e9b28cfaccc71e3f,33.46571,-112.039617,Shop & Service,2,8
1039,4d5b34031287a09346901d56,33.582198,-112.120585,Food,4,3
1040,4d5d68fee7f754816da42497,33.480583,-112.021435,Shop & Service,0,8
1041,4d5ef64f865a224bc4b69885,33.542149,-112.089368,Residence,0,7
1042,4d61be4b5b276dcbf65227c6,33.488628,-111.96035,Food,0,3
1043,4d6296d9338bb60c1aee40bd,33.495533,-111.979809,College & University,0,1
1044,4d62ccea1ee8721e8f0cc521,33.514653,-112.065522,Residence,41,7
1045,4d67bb4fc406f04d82ccf14c,33.451637,-111.987254,Travel & Transport,4,9
1046,4d69868882cba093f6f1dbd8,33.431684,-111.947006,Outdoors & Recreation,0,5
1047,4d7069d195acb1f7e90606b9,33.44481,-111.987743,Travel & Transport,82,9
1048,4d71daddbce5721e7980c515,33.501901,-112.028784,Nightlife Spot,0,4
1049,4d745c5f1a8aa35d955b0fa7,33.436921,-111.999092,Travel & Transport,17,9
1050,4d77e8a30bae236a4ad27014,33.479989,-112.07562,Professional & Other Places,1,6
1051,4d79495a9f6b721ef46095c0,33.437098,-112.059335,Food,0,3
1052,4d79c272f29ab60c2311f20a,33.501775,-112.077445,Residence,389,7
1053,4d7d4425d1c28eec5ac71a74,33.624393,-112.030699,Shop & Service,0,8
1054,4d7e10a83633a093f59c779d,33.466866,-112.286322,Nightlife Spot,0,4
1055,4d7e61d64219a1cdced261d3,33.480253,-112.023223,Professional & Other Places,0,6
1056,4d7fcbf23633a093baf2969d,33.456502,-112.273548,Food,1,3
1057,4d84196f61676dcb88626be4,33.436297,-112.000983,Travel & Transport,130,9
1058,4d882d4455a5ba7a182a6c57,33.597124,-112.152962,Outdoors & Recreation,0,5
1059,4d8aa0a999c2a1cd6e7795d7,33.473608,-111.985628,Shop & Service,0,8
1060,4d8c2884257d60fc19d1eeea,33.654209,-112.133989,Shop & Service,0,8
1061,4d8d1c7b788c5481c5c519fd,33.403201,-111.966039,Professional & Other Places,0,6
1062,4d8eb547c1b1721ebb7e3746,33.509012,-112.083375,Food,1,3
1063,4d90b5601d06b1f7855e7a3b,33.436299,-111.999556,Travel & Transport,9,9
1064,4d966c77e07ea35d91fdbf02,33.598625,-111.990852,Shop & Service,2,8
1065,4d99fff2daec224b54636c3e,33.517325,-111.993982,Residence,0,7
1066,4d9a153f9079b1f767ee500a,33.496091,-112.166816,Shop & Service,0,8
1067,4d9a909eb4fa3704141a890d,33.436651,-111.999259,Travel & Transport,5,9
1068,4d9b4a6073df8cfa1e63f3ec,33.657974,-112.195844,Professional & Other Places,0,6
1069,4d9e33c20efda0934b2cac28,33.522971,-112.049389,Nightlife Spot,0,4
1070,4d9f094f7f1b721e566f940f,33.43527,-111.983179,Travel & Transport,3,9
1071,4da01c5f3edff04dc5c73999,33.464495,-111.986608,Travel & Transport,0,9
1072,4da744718154fe28a8e3166b,33.4944,-111.974905,Residence,0,7
1073,4dace94f43a17e90f8eb1650,33.509462,-112.271961,Food,0,3
1074,4dae37a35da3cca6f0a5449d,33.50949,-112.073693,Professional & Other Places,16,6
1075,4dae52995da3cca6f0a76231,33.521805,-112.064305,Shop & Service,0,8
1076,4dafa9eb93a037b7b074b6b4,33.513624,-112.073389,Food,0,3
1077,4db0eafa1e729fcc5648df51,33.629469,-112.040017,Arts & Entertainment,0,0
1078,4db235964df0b371d10bd2a0,33.513535,-112.073379,Food,0,3
1079,4db305f5fa8c350240c353b6,33.436558,-112.008854,Travel & Transport,0,9
1080,4db3141793a017099dbb893b,33.625523,-112.140911,Shop & Service,1,8
1081,4db3ac940437fa536a1b58d8,33.494899,-112.059418,Nightlife Spot,2,4
1082,4db61e645da3a76f446076d3,33.461819,-112.005905,Residence,0,7
1083,4db62bf593a017099dfbc1eb,33.43655,-111.997583,Shop & Service,102,8
1084,4db84c78cda1051541254c72,33.447938,-112.074065,Arts & Entertainment,0,0
1085,4db862f4ced722c9a38ff558,33.570258,-112.192066,College & University,8,1
1086,4db870aeced7cef042e0acc8,33.572074,-112.187635,College & University,11,1
1087,4db87371ced7cef042e0b76d,33.570001,-112.192555,College & University,6,1
1088,4db9253df7b1b4c54f4af583,33.457801,-111.970135,Residence,0,7
1089,4dba1044f7b144688ff1319c,33.436135,-111.999335,Travel & Transport,95,9
1090,4dbb30121e72b351ca92d761,33.50984,-112.17293,Professional & Other Places,23,6
1091,4dbb36355da3ff58ec2bdc18,33.358277,-112.160906,Residence,0,7
1092,4dbc16570cb691071c993e8c,33.441181,-111.958889,Professional & Other Places,0,6
1093,4dbcd5a493a08f9274c92550,33.447962,-112.073995,Nightlife Spot,0,4
1094,4dc08b0d6e8124d25dcfe54e,33.458465,-112.190372,Food,0,3
1095,4dc0bd00d22da0153340459a,33.585609,-112.066095,Outdoors & Recreation,0,5
1096,4dc174501838710f437dbcba,33.510652,-112.027513,Drink,3,2
1097,4dc2dc5852b1c1fb37f2d933,33.553648,-112.104473,Shop & Service,0,8
1098,4dc40f372271f270510933b8,33.433626,-111.999478,Travel & Transport,0,9
1099,4dc5e2f6b0fb5556ccfd730c,33.510281,-112.028433,Food,2,3
1100,4dc8863dc65baa0943513935,33.668675,-112.082863,Travel & Transport,0,9
1101,4dcb2da652b17cba4fa32310,33.477729,-112.260613,Professional & Other Places,0,6
1102,4dd26e3e227159fef24a43e2,33.435288,-111.98531,Travel & Transport,2,9
1103,4dd46fec7d8b194450c36710,33.668946,-112.065525,Travel & Transport,1,9
1104,4dd48f1d52b18e28aa18a72f,33.534357,-112.244363,Residence,0,7
1105,4dd4b7b1d4c0e6b33e42e012,33.58409,-111.971806,Nightlife Spot,0,4
1106,4dd9c8801838b8561d221c6a,33.480774,-112.006931,Food,0,3
1107,4ddadc82d16419ce672c3156,33.501003,-112.029574,Professional & Other Places,0,6
1108,4ddc049ab0fba481fc787174,33.612748,-112.185036,Food,1,3
1109,4ddeff8a45dd95acd4e6098c,33.449121,-112.070048,Arts & Entertainment,0,0
1110,4ddf0eca1f6ed1828c4c90c1,33.609956,-112.125137,Residence,0,7
1111,4ddffffcd22d2a79556317d4,33.513974,-112.081879,Professional & Other Places,0,6
1112,4de2e2d2d164df857506c2b6,33.635469,-112.069699,Outdoors & Recreation,1,5
1113,4de53aa9e4cd056f748570d9,33.394435,-111.961882,Food,7,3
1114,4dea810152b11677f03da4b3,33.522675,-112.04856,Outdoors & Recreation,0,5
1115,4deeab25b0fbe76bc3b1e41a,33.501087,-111.993018,Food,0,3
1116,4df0b3a8fa76042fed6f4b0b,33.447552,-112.072593,Nightlife Spot,5,4
1117,4df0f11ed16486e86e526d05,33.430522,-112.045631,Professional & Other Places,0,6
1118,4df2f3baa809141629a10627,33.598642,-111.980466,Travel & Transport,28,9
1119,4df32c1dae609e69dd98bd0a,33.668211,-112.195108,Outdoors & Recreation,0,5
1120,4df41520ae609e69dd9c2638,33.461909,-112.109643,Travel & Transport,6,9
1121,4df63933c65bf55ee534950d,33.611876,-112.102854,Residence,0,7
1122,4df68ff6d4c070d4df0e1a14,33.452763,-112.068779,Food,0,3
1123,4df7c1342271d8baf9c4de8d,33.44932,-112.07517,Food,0,3
1124,4df969e2d22d964c6b9a1f38,33.456845,-111.967215,Residence,0,7
1125,4df985b5fa7667368a6c2f52,33.538781,-112.198079,Shop & Service,1,8
1126,4dfa37a8fa7667368a6e1fac,33.465494,-112.277398,Food,0,3
1127,4dfcfa8cd22d879302f740c8,33.492282,-112.062375,Shop & Service,7,8
1128,4dfe3f79183806202654a639,33.55249,-112.099123,Food,0,3
1129,4e016327ae609fa8ede283ea,33.474393,-112.06492,Food,13,3
1130,4e037dfa45ddd36826998ce3,33.466743,-112.007218,Residence,0,7
1131,4e15c49ae4cded56112b0537,33.436243,-112.000616,Travel & Transport,36,9
1132,4e160c23c65b14b6ca395a4c,33.479507,-112.263826,Travel & Transport,0,9
1133,4e17156852b1091958eb8c6f,33.684691,-112.094237,Professional & Other Places,2,6
1134,4e174cf07d8b8af913821f07,33.620373,-112.118053,Residence,35,7
1135,4e1b09e088770d5776e30a02,33.436044,-112.017412,Professional & Other Places,0,6
1136,4e1b0bb1149507b8ad739064,33.510285,-112.128767,College & University,0,1
1137,4e1bbf38d4c0462507633836,33.448188,-112.066765,Professional & Other Places,19,6
1138,4e1de966ae60cec370e587b2,33.508711,-112.040945,Shop & Service,2,8
1139,4e24072181dc35f05c545d18,33.478064,-111.986244,Food,0,3
1140,4e2666998877d0ffee80b7ef,33.447844,-111.988,Travel & Transport,187,9
1141,4e27790db61c9d28cbeb5500,33.394533,-111.959774,Professional & Other Places,41,6
1142,4e28b64dfa762797e5a0776c,33.430132,-112.232441,Residence,19,7
1143,4e2daac9fa76bbf847f0011c,33.447321,-112.036968,Travel & Transport,35,9
1144,4e2f433ac65b80dfd83f5975,33.437116,-111.996808,Travel & Transport,5,9
1145,4e2f6eddae60231c032d981f,33.472105,-112.064886,Food,0,3
1146,4e36b70b8877beb5e9b87764,33.490099,-112.258285,Professional & Other Places,58,6
1147,4e374912483bda3eb11006e7,33.611141,-112.120733,Food,2,3
1148,4e385a88149579ccbaf7217e,33.430132,-112.232441,Residence,18,7
1149,4e3a4cdf1850f0453401b5fd,33.451797,-112.076654,Arts & Entertainment,0,0
1150,4e3d94b5d4c058f9dc074d09,33.598518,-111.978224,Food,0,3
1151,4e3f5fe652b1a04aff31f558,33.49543,-112.019881,Food,0,3
1152,4e3ffaa58877b00cfc6757e7,33.479328,-112.06981,Professional & Other Places,8,6
1153,4e4447947d8bee28239b5c9b,33.432379,-111.948997,Outdoors & Recreation,0,5
1154,4e45b4627d8b91a065855eb5,33.578694,-112.118306,Food,3,3
1155,4e489463483b03d090fcd5fa,33.659204,-112.089368,Residence,0,7
1156,4e4b3e2d18a808fd10fbaa0b,33.55274,-112.065635,Outdoors & Recreation,1,5
1157,4e4c3de9d164e69742c94916,33.543236,-112.047897,Professional & Other Places,3,6
1158,4e4caa486284776ee125cf0e,33.661436,-112.077445,Residence,0,7
1159,4e559d4fe4cd779e8338d337,33.455487,-111.965726,Professional & Other Places,18,6
1160,4e570336fa7624d9bbab93a9,33.5814,-112.118829,Food,3,3
1161,4e5b66b7483b865169f7900e,33.457801,-111.970135,Residence,10,7
1162,4e5c0a7088775cde7b3f98df,33.553224,-112.269237,Professional & Other Places,0,6
1163,4e5da1c32271162c8fd0e46f,33.455619,-111.965716,Outdoors & Recreation,3,5
1164,4e5f99148877f0d84af5212e,33.441875,-111.954587,Professional & Other Places,0,6
1165,4e6368bcb61cd78088f7b1d5,33.476014,-112.101291,Residence,0,7
1166,4e638dccd4c06542ab6b78b6,33.5191,-112.041675,Residence,0,7
1167,4e653b5bd164ddd5e6f57db4,33.476014,-112.101291,Residence,0,7
1168,4e659602d22d509a3af6a273,33.429967,-111.970592,Professional & Other Places,0,6
1169,4e67ffea7d8b084ac794311f,33.455002,-112.261242,Professional & Other Places,0,6
1170,4e686baa483bc776306af822,33.652501,-112.125137,Residence,0,7
1171,4e6b054e52b1c1206013a90a,33.462623,-112.168354,Professional & Other Places,136,6
1172,4e6bc4edae609509560e72a2,33.538074,-112.063149,Food,0,3
1173,4e6bdf591f6e84ca4c23e5ee,33.422653,-112.220719,Travel & Transport,25,9
1174,4e6f8bdda809952e23e9c3cf,33.48092,-112.017829,Residence,0,7
1175,4e6f8f9645dd49e0f1d61c0c,33.685211,-112.095127,Professional & Other Places,1,6
1176,4e6faab8b0fbacf2addcfc89,33.489994,-112.074578,Shop & Service,3,8
1177,4e72259645dd2c5c1a83e7c7,33.510668,-112.072919,Food,0,3
1178,4e737275fa76812398da8ead,33.436574,-111.994392,Shop & Service,0,8
1179,4e74c08eae60c32850ce2070,33.535257,-112.112035,Professional & Other Places,1,6
1180,4e7a5477b0fb19a5333dd23b,33.383962,-111.965125,Shop & Service,0,8
1181,4e7f9d419a52a0fcc38a3a26,33.378158,-111.968274,Travel & Transport,4,9
1182,4e7fa10fb8f76e28c2deef16,33.503444,-112.073675,Outdoors & Recreation,437,5
1183,4e803d31b8f72f128eb57b23,33.399028,-111.949341,Professional & Other Places,0,6
1184,4e824639f5b98f5bc47eee4e,33.565122,-112.073635,Professional & Other Places,0,6
1185,4e8266b56da143f6f623e528,33.393574,-111.964951,Outdoors & Recreation,8,5
1186,4e834c68d22dd6a659cc904e,33.487334,-112.070758,Professional & Other Places,59,6
1187,4e83d8dfb8f7b1a5009f96e5,33.470033,-112.065339,Food,0,3
1188,4e8709a19a52c2741de8f0ab,33.541088,-112.208596,Residence,7,7
1189,4e873ad002d5aab4cf6f7141,33.552389,-112.072878,Food,0,3
1190,4e889d7930f89e816b2d121c,33.493259,-112.123611,Professional & Other Places,13,6
1191,4e89ace693ad35ed6f3b846c,33.519802,-112.208596,Residence,0,7
1192,4e89be544901b86fc2a4ecd8,33.49503,-112.061302,Food,8,3
1193,4e8a0dc45c5c370ff4894f15,33.470165,-112.065333,Food,3,3
1194,4e8a197df5b922a5f6ac8f8e,33.48014,-112.264246,Travel & Transport,0,9
1195,4e8a490fdab4414a6b0172e1,33.661436,-112.077445,Residence,47,7
1196,4e8b3f9446906c10f82cc6d2,33.586547,-112.195663,Outdoors & Recreation,17,5
1197,4e8beac877c8b66013c4818f,33.512512,-112.064125,Nightlife Spot,33,4
1198,4e8c7f417ee63153eb9e3ed3,33.438412,-112.005535,Travel & Transport,48,9
1199,4e8c9722469079cdfaeaf234,33.514653,-112.065522,Residence,70,7
1200,4e8ce66a0039a2626550cc32,33.649074,-112.029752,Residence,0,7
1201,4e9105f0d3e3187fc3280877,33.513635,-112.184751,Residence,0,7
1202,4e91a17cd22dccc37f2f198f,33.495297,-111.979884,Drink,2,2
1203,4e91afd52c5b7295bc4f7ec6,33.551109,-112.066154,Outdoors & Recreation,0,5
1204,4e92808793adf0b000678e4c,33.523651,-112.091725,Food,0,3
1205,4e9726020039d6d5f4815180,33.437136,-112.147064,Shop & Service,73,8
1206,4e97a46882310543d21cd39a,33.474289,-112.012362,Shop & Service,0,8
1207,4e98e0220aaf0a73a19bc2ae,33.494911,-111.975785,Nightlife Spot,0,4
1208,4e9b22618b81c0254e9f8293,33.654219,-112.06673,Shop & Service,0,8
1209,4e9cf6dedab4aec571be681b,33.584731,-112.089368,Residence,7,7
1210,4e9e6f12b80311ce20899ba4,33.584731,-112.089368,Residence,26,7
1211,4ea19463b6347b99676a7adf,33.452906,-112.069635,Food,0,3
1212,4ea5c084dab47252715093e5,33.46204,-112.073786,Outdoors & Recreation,2,5
1213,4eaae2e41081603000397bd8,33.505868,-112.0734,Arts & Entertainment,0,0
1214,4eaae4fe108160300039c5ec,33.505886,-112.073443,Arts & Entertainment,0,0
1215,4eaf8df30aafcac7e5220b78,33.484915,-112.053599,Residence,13,7
1216,4eaff6db9911374b170ba2aa,33.581407,-112.119656,Shop & Service,4,8
1217,4eb1ae2fcc21adeaf82caffb,33.437055,-112.001833,Travel & Transport,23,9
1218,4eb1e681f5b944838824c95e,33.436953,-112.1516,Travel & Transport,100,9
1219,4eb3340993ad23656f34ff56,33.436824,-112.167929,Travel & Transport,8,9
1220,4eb87a29775b544c28976cad,33.45072,-112.065522,Residence,0,7
1221,4ebb282fb803cf8e0e7e8871,33.509035,-111.995103,Food,0,3
1222,4ec5b8840e6158bafc81a75d,33.640885,-112.120756,Outdoors & Recreation,10,5
1223,4ecd28ec775b0e780e02d89e,33.501475,-112.07438,Travel & Transport,168,9
1224,4ed298dc93ad987b4faccac2,33.565671,-112.077445,Residence,0,7
1225,4ed31509b634dd2994b4e86f,33.488331,-112.058748,Professional & Other Places,7,6
1226,4ed4007a7ee5be844f55f46c,33.508724,-112.04144,Food,2,3
1227,4ed40a55f5b9832ade62b8d4,33.571288,-112.18919,College & University,0,1
1228,4ed58ced722eff15bf6ec897,33.559477,-112.053599,Residence,0,7
1229,4ed67e1a61afeefb7cdc16ef,33.447736,-112.073233,Food,0,3
1230,4edacdbcb6344371f76bc359,33.436052,-111.998002,Travel & Transport,0,9
1231,4edd5b7c0aaf49e02d1c3a19,33.448111,-112.074234,Food,10,3
1232,4ee2674d9a521fcbefa20ab8,33.447364,-112.072621,Food,0,3
1233,4ee7a132f790ed4b5a0b8c38,33.465601,-112.082385,Food,0,3
1234,4ee8d90c77c83054d92c20ff,33.570172,-112.120163,Arts & Entertainment,1,0
1235,4ee9f0d9be7b7263da1be0d9,33.479935,-111.988343,Food,0,3
1236,4eeb50c4aa1f66e35afc071a,33.436444,-111.994008,Travel & Transport,0,9
1237,4eec833abe7b6d62ff63c395,33.44951,-112.073082,Travel & Transport,2,9
1238,4ef523c8c5123a724ed744e0,33.465583,-112.082245,Food,3,3
1239,4ef91820775b54cdb5e54762,33.447857,-112.073972,Shop & Service,0,8
1240,4efb457293ad7cf2edd2c1a0,33.402246,-111.965975,College & University,0,1
1241,4f01334d722e0f0773455193,33.463546,-112.003771,Arts & Entertainment,0,0
1242,4f04cb4e8b81bb1b01fe62c1,33.567573,-112.134286,Travel & Transport,3,9
1243,4f05391c77c8f87cd13e97b2,33.384063,-112.13706,Residence,0,7
1244,4f07605ee4b0ef60ec6d4b68,33.46534,-112.082388,Food,0,3
1245,4f0791cce4b071c574a07af9,33.495174,-111.989854,Nightlife Spot,0,4
1246,4f07ad40e4b0882d22570418,33.476014,-112.101291,Residence,0,7
1247,4f0bffb4e4b0baf8306c49d7,33.501437,-112.07413,Outdoors & Recreation,267,5
1248,4f0fa5b6e4b0044a216c838c,33.394415,-111.959792,Professional & Other Places,44,6
1249,4f133217e4b0f2c2132df757,33.487849,-112.082635,Food,1,3
1250,4f1470bae4b01eeff1294bac,33.445487,-111.97444,Professional & Other Places,0,6
1251,4f15a2f9e4b0678414f32031,33.402191,-111.965823,Drink,0,2
1252,4f15b6b8e4b045626b65d111,33.515247,-112.190552,Outdoors & Recreation,0,5
1253,4f1717e2e4b01eeff3d013cc,33.402233,-111.966015,Drink,0,2
1254,4f1a1155e4b035439fe22649,33.444304,-112.151833,Travel & Transport,99,9
1255,4f1c32aae4b0817d3d789327,33.531367,-112.013384,Drink,0,2
1256,4f1d5777e4b0c74ef3c39c56,33.50293,-112.202946,Residence,32,7
1257,4f1f4d0a7beb96d5dfcfac2c,33.378383,-111.985595,Residence,0,7
1258,4f205ad3e4b0fa52e51dc0aa,33.461578,-112.152129,Outdoors & Recreation,92,5
1259,4f217ac8e4b03871f9157ad2,33.394454,-111.963972,Arts & Entertainment,11,0
1260,4f23430fe4b05160ada59bbf,33.59773,-111.978562,Nightlife Spot,0,4
1261,4f2345b1e4b04f6e67fde77e,33.52082,-112.208996,Outdoors & Recreation,0,5
1262,4f2460f3e4b0c41c5293d102,33.47421,-112.06489,Drink,0,2
1263,4f27fbc6e4b01133cc225a29,33.421718,-112.220518,Residence,31,7
1264,4f283eace4b0600378b7ca9d,33.46556,-112.082006,Food,0,3
1265,4f29b962e4b018893929a6fc,33.494188,-112.003632,Nightlife Spot,0,4
1266,4f2cdbb0e4b03caf52386d8c,33.546603,-112.065522,Residence,17,7
1267,4f3022f9e4b007725d38acf4,33.581492,-112.119534,Shop & Service,0,8
1268,4f314b3ce4b010a3c0031649,33.641563,-112.080027,Shop & Service,4,8
1269,4f31c0a1e4b09c40b42e5492,33.529272,-112.101291,Residence,3,7
1270,4f342a26e4b0935810c13353,33.39432,-111.959693,Arts & Entertainment,54,0
1271,4f36aadde4b00d9f9592ecf7,33.384525,-112.077445,Residence,2,7
1272,4f36e1ede4b039c3c1e940cf,33.378364,-112.139846,Outdoors & Recreation,1,5
1273,4f36fb6ce4b0948a81a13608,33.661436,-112.077445,Residence,30,7
1274,4f394b2ce4b0cc4ce569a3ec,33.448078,-112.074252,Drink,41,2
1275,4f39d3c6e4b089d43b6da496,33.527529,-112.053599,Residence,0,7
1276,4f3bdf0fe4b022039c516978,33.568959,-112.07045,Professional & Other Places,8,6
1277,4f3d72bae4b0e602915e1c86,33.436931,-111.994375,Travel & Transport,0,9
1278,4f3e872fe4b03dd0244f9ba5,33.640704,-112.183036,Shop & Service,5,8
1279,4f400706e4b08b2472905ec8,33.532775,-112.047593,Outdoors & Recreation,1,5
1280,4f47c1d1e4b0cf7a0579ba93,33.570722,-112.188515,College & University,9,1
1281,4f49579de4b0e44506e20dab,33.467998,-111.946302,Outdoors & Recreation,0,5
1282,4f4abbc9e4b0a34d39f4f513,33.670478,-112.126852,Outdoors & Recreation,0,5
1283,4f528409e4b0c416047dd154,33.465709,-112.241024,Shop & Service,1,8
1284,4f530cede4b006151550fd41,33.421627,-112.025988,Professional & Other Places,3,6
1285,4f5333dbe4b07de37c68b68f,33.565239,-112.145958,Nightlife Spot,0,4
1286,4f544165e4b09f74b9a1d732,33.46488,-112.255263,Travel & Transport,113,9
1287,4f54e1c3e4b07c31b6162226,33.482119,-112.010478,Professional & Other Places,6,6
1288,4f55b7e1e4b0a93011031d18,33.605484,-112.148983,Residence,0,7
1289,4f58beb9e4b0a386de7139b3,33.385883,-111.960758,Travel & Transport,5,9
1290,4f58d2d2e4b027eb92518121,33.571255,-112.189656,College & University,0,1
1291,4f58f66fe4b0e48a88020313,33.613884,-112.160906,Residence,0,7
1292,4f5c311be4b0a4baa33b8281,33.608244,-112.077445,Residence,0,7
1293,4f5f8a57e4b0253adeeae11a,33.66422,-112.185295,College & University,0,1
1294,4f5ffa96e4b0f492ad03a355,33.491809,-112.078933,Professional & Other Places,2,6
1295,4f60295be4b066d8c4e00d7a,33.667051,-112.160906,Residence,0,7
1296,4f61f038e4b034b45f22d082,33.462226,-112.23348,Travel & Transport,60,9
1297,4f63dcb3e4b036e3e774c83a,33.566852,-112.184751,Residence,1,7
1298,4f642e55e4b036e3e7baaf0d,33.663666,-112.065522,Residence,0,7
1299,4f67d02d003938727b2aa48d,33.458835,-112.070568,Drink,0,2
1300,4f68b868e4b0c2cd00b64982,33.45444,-112.159091,Professional & Other Places,0,6
1301,4f6977f0e4b0401846346aed,33.584064,-111.971773,Nightlife Spot,0,4
1302,4f6b5eabe4b0bcd82682d10c,33.517197,-112.111679,Professional & Other Places,0,6
1303,4f6be87ae4b0600330e57ea1,33.684088,-112.086251,Professional & Other Places,1,6
1304,4f6fa37ee4b01d94feaf4d41,33.581751,-112.008576,Professional & Other Places,0,6
1305,4f73b443e4b0da86fc9bffbc,33.392934,-112.047017,Shop & Service,0,8
1306,4f740415e4b0c356cfe0a3ba,33.394474,-111.962929,Arts & Entertainment,2,0
1307,4f745ed6e4b0e7e859a200be,33.569093,-112.049194,Professional & Other Places,1,6
1308,4f747f01e4b0250b7157a3e8,33.442362,-112.095368,Professional & Other Places,0,6
1309,4f75c8b2e4b062e51d54e66c,33.480647,-112.033365,Shop & Service,0,8
1310,4f75dcebe4b0c0edd5e9b5e5,33.53851,-112.060011,Professional & Other Places,1,6
1311,4f77657be4b040208c2e92f4,33.50192,-112.028835,Residence,0,7
1312,4f77fbade4b06ff836b89b3c,33.570124,-112.053599,Residence,2,7
1313,4f7a8993e4b0b51585f824a3,33.574087,-112.089368,Residence,1,7
1314,4f7abb0ee4b02f1b2cb1a3a6,33.373178,-112.164263,Nightlife Spot,0,4
1315,4f7baef5e4b04f0337d694f7,33.449642,-112.082303,Shop & Service,0,8
1316,4f7bd36de4b0d1da88746078,33.496049,-112.077151,Professional & Other Places,0,6
1317,4f7c74eee4b02e0090b17aba,33.536206,-112.044898,Residence,1,7
1318,4f7de218e4b0f10f3d02f107,33.468926,-111.989333,Travel & Transport,0,9
1319,4f8158ace4b01e69d7cf7ecd,33.491577,-112.017829,Residence,0,7
1320,4f84e332e4b04578ff19b158,33.508821,-112.255077,Travel & Transport,51,9
1321,4f8cb5f1e4b03758900ae5c0,33.394441,-111.959844,Professional & Other Places,40,6
1322,4f8cd869e4b009dda36a0a9b,33.394299,-111.959553,Professional & Other Places,10,6
1323,4f8cf088e4b0e5ed77af2653,33.493879,-112.067601,Nightlife Spot,88,4
1324,4f8dc22be4b009dda439162b,33.639737,-112.093161,Shop & Service,0,8
1325,4f90eb6fe4b0ff5a511aa025,33.449853,-112.030698,Professional & Other Places,0,6
1326,4f921105e4b09d83508bd9b0,33.448462,-112.07197,Nightlife Spot,8,4
1327,4f950c6ae4b0ab5f0b228824,33.452234,-112.065408,Residence,9,7
1328,4f963d8ae4b0f12350e66134,33.566201,-112.100806,Professional & Other Places,25,6
1329,4f96bbe9e4b0266a4fba1957,33.611002,-112.117199,Outdoors & Recreation,6,5
1330,4f9714550cd63b57ec3e9cb9,33.534741,-112.266884,Shop & Service,0,8
1331,4f9bf72ee4b0873b671c0da4,33.377567,-112.16921,Professional & Other Places,0,6
1332,4f9e2a03e4b0e9595c537e63,33.481915,-112.010338,Arts & Entertainment,17,0
1333,4fa03f87e4b0f307264d1a52,33.666939,-112.085412,Professional & Other Places,0,6
1334,4fa6f899e4b094b947781e0b,33.557279,-112.292051,Residence,0,7
1335,4fa74b2be4b0d607ba6d16a6,33.491122,-112.077445,Residence,5,7
1336,4fa7fe32e4b00c58462650ca,33.497796,-112.147123,Professional & Other Places,4,6
1337,4fa976e3e4b01128c18f7ae1,33.466566,-112.208596,Residence,0,7
1338,4faac4fde4b0db927ca2c50c,33.393948,-111.959739,Professional & Other Places,9,6
1339,4fab311ae4b09eda9f03a457,33.489784,-111.970135,Residence,0,7
1340,4fb49ab0e4b0e0f14572f530,33.481963,-112.003277,Nightlife Spot,6,4
1341,4fb4b532e4b0e2e801301aec,33.481959,-112.010327,Nightlife Spot,6,4
1342,4fb6fe3ee4b07c52a64d83d6,33.412537,-111.963075,Shop & Service,0,8
1343,4fb75247e4b0762202969fcc,33.436331,-112.065729,Shop & Service,0,8
1344,4fb86a9be4b0bd07fdbad3c4,33.466079,-112.029708,Shop & Service,1,8
1345,4fb9afd1e4b05cad1ca6d4b1,33.603247,-112.160906,Residence,41,7
1346,4fba648de4b068706b7c7f36,33.480745,-111.991033,Professional & Other Places,0,6
1347,4fba8cdee4b09a2fd5272af3,33.404187,-111.977197,Professional & Other Places,0,6
1348,4fbb410fe4b039e2d71c6c4d,33.512265,-112.060322,Nightlife Spot,0,4
1349,4fbbbe56e4b0b3a994e22134,33.487823,-112.048088,Shop & Service,0,8
1350,4fbe76fbe4b0ad49c0c01f73,33.463522,-112.028608,Residence,0,7
1351,4fc13ffde4b014a2d69f3435,33.547243,-112.232441,Residence,0,7
1352,4fc33f12e4b021b6e07c2134,33.59037,-112.172828,Residence,39,7
1353,4fc38b32e4b074b879f0fb56,33.583138,-111.976565,Food,2,3
1354,4fcd5699e4b0b62703c85834,33.418004,-112.273397,Residence,0,7
1355,4fcdbf2ae4b0231f2c9f71ed,33.472479,-112.005905,Residence,0,7
1356,4fcea77ee4b0f54f28de8d29,33.641561,-112.080272,Professional & Other Places,1,6
1357,4fd1a9e0e4b012fef4d7b8bd,33.472479,-112.005905,Residence,0,7
1358,4fd37714e4b098b08254527e,33.394517,-111.962881,Arts & Entertainment,4,0
1359,4fd3eadee4b0784189d6d148,33.447977,-112.072604,Food,0,3
1360,4fd63511e4b0f961a8d9f982,33.506948,-112.013003,Professional & Other Places,0,6
1361,4fde123de4b05991751dbadf,33.521958,-112.041614,Outdoors & Recreation,0,5
1362,4fe08b7710810d13d983100b,33.596526,-112.196673,Residence,0,7
1363,4fe09d04e4b0ae1012f8d66f,33.636014,-111.974911,Nightlife Spot,0,4
1364,4fe79686e4b047eae9d3b669,33.490595,-112.043745,Travel & Transport,0,9
1365,4ff45a8de4b0211bc17cb152,33.511322,-112.013459,Food,0,3
1366,4ffb27aae4b01d0822068ebe,33.435435,-111.998019,Drink,35,2
1367,50070ec9e4b02732c1148f47,33.448439,-111.987784,Travel & Transport,0,9
1368,500835fbe4b09bc759eb1b21,33.5728,-112.092067,Residence,0,7
1369,5008a602e4b00e31373a4b86,33.4791,-112.073512,Food,2,3
1370,500db8d2e4b01eff325e2f55,33.440559,-112.169047,Professional & Other Places,0,6
1371,500ec0a8f2e77036666940ad,33.437243,-111.999199,Food,12,3
1372,50119e9ce4b0d8233d3f114a,33.611444,-112.102913,Residence,0,7
1373,5012db7ee4b01bcdb1997a16,33.464043,-112.273079,Food,0,3
1374,501cf582e4b0457aade4a403,33.562924,-112.148983,Residence,0,7
1375,501cf5c4e4b0944fadc25a2d,33.562924,-112.148983,Residence,0,7
1376,501f5ee5e4b0f5050cdeddc7,33.562924,-112.148983,Residence,0,7
1377,5028388216480b222d85a266,33.466139,-112.082005,Food,0,3
1378,502ac807e4b02d4e93003f14,33.457079,-112.071574,Nightlife Spot,0,4
1379,502e83ede4b04de6f32ab1b3,33.580669,-112.118224,Food,0,3
1380,503617c1e4b0a61420409eb0,33.4627,-112.208785,Outdoors & Recreation,26,5
1381,503679b6e4b053240d1da69e,33.572164,-112.187991,College & University,10,1
1382,503c368be4b033d7851a0d62,33.487179,-111.9962,Arts & Entertainment,0,0
1383,503ffecae4b0379866a02af4,33.622475,-112.194725,Nightlife Spot,0,4
1384,50411129e4b0a10506682d5e,33.584149,-111.976699,Food,0,3
1385,504701a6e4b060eedec7651f,33.5191,-112.041675,Residence,0,7
1386,504d7998e4b00c01093b0897,33.595299,-111.982515,Arts & Entertainment,0,0
1387,504e790de4b04e8bde93a54c,33.500283,-112.088236,Professional & Other Places,4,6
1388,5050352be4b04e8a4c1e58e5,33.505825,-112.041271,Nightlife Spot,1,4
1389,5053ca0f4c7f6b5a28e9c718,33.611435,-112.119214,Shop & Service,0,8
1390,5056d35264a43b2f1bcc7f0b,33.509429,-111.992075,Residence,0,7
1391,50596de4e4b0dfb8b844febc,33.584731,-112.089368,Residence,0,7
1392,505b2350e4b0644ce24036cf,33.46539,-112.082105,Food,0,3
1393,505bd79de4b07797493e30ba,33.507462,-112.160906,Residence,0,7
1394,505f8618e4b0a054471fcec3,33.500287,-112.088236,Residence,6,7
1395,50663ea3e4b03ce13a6533f5,33.461728,-112.037521,Travel & Transport,4,9
1396,5067fd2ae4b05eea703ba411,33.565174,-112.146028,Professional & Other Places,0,6
1397,506d9c4ce4b0515e0ce4e958,33.507908,-112.0366,Shop & Service,0,8
1398,506f9212e4b08ee526d83b4b,33.470491,-112.244363,Residence,0,7
1399,507d60bae4b0277b94247ce2,33.507462,-112.160906,Residence,0,7
1400,50880b91e4b06cc8e89d7221,33.462223,-112.234329,Travel & Transport,119,9
1401,50919c64e4b01c28f4aad9a7,33.436868,-111.994392,Food,10,3
1402,509ab8e9e4b04fdbf4a730c8,33.535766,-112.267145,Shop & Service,5,8
1403,509b441fe4b0bd1e674b7fc1,33.483381,-112.232441,Residence,0,7
1404,509c4c9de4b044f7630fa7bc,33.510543,-112.026442,Shop & Service,3,8
1405,509d636c5d2463e871547eee,33.445537,-112.066712,Food,0,3
1406,50a0199be4b0d60e8eaa8d78,33.506333,-112.280129,Residence,0,7
1407,50a43137e4b06e4d8e38409a,33.424287,-112.271519,Outdoors & Recreation,0,5
1408,50a662e6e4b0060f4576bf1d,33.534499,-112.267168,Shop & Service,0,8
1409,50a71c5ee4b0370ed03a2d83,33.451697,-111.9488,Arts & Entertainment,0,0
1410,50a8455ee4b0354baec6da1d,33.503779,-112.16662,Outdoors & Recreation,0,5
1411,50a851e9e4b09f72f301c359,33.50393,-112.166449,Professional & Other Places,0,6
1412,50a8e0ade4b0aeb88b93620f,33.503764,-112.166614,Travel & Transport,0,9
1413,50b15018e4b05083c02271de,33.560558,-112.074767,Nightlife Spot,0,4
1414,50b7454b498ea7a45b68323d,33.374283,-112.017829,Residence,0,7
1415,50e08a80e4b03fabf126b055,33.500184,-112.256285,Residence,81,7
1416,50fd86a4e4b03e4eb6473167,33.53757,-112.046208,Shop & Service,0,8
1417,510ef8dee4b032fafcb9992c,33.488896,-112.089368,Residence,0,7
1418,5112f444e4b09741d7285205,33.519556,-112.06535,Food,0,3
1419,513133b1e4b08725fc7a3e6a,33.52481,-112.125137,Residence,0,7
1420,513416b2e4b0f53f9bd9a092,33.491122,-112.077445,Residence,0,7
1421,5137a8ebe4b0e335fef23ab7,33.510255,-112.02869,Shop & Service,1,8
1422,513fbb3be4b0f3cc424fef29,33.527529,-112.053599,Residence,0,7
1423,5143ef21e4b0cec0728dd800,33.55953,-112.280129,Residence,0,7
1424,515fc8cce4b0b2d7ac7cd2a5,33.457898,-111.991763,Residence,0,7
1425,51638f74e4b08b8f844f9fb5,33.434744,-111.985129,Travel & Transport,0,9
1426,5164cefce4b02138859b0ac2,33.434808,-111.98786,Travel & Transport,0,9
1427,517b3f7fe4b0a8be660f3184,33.462926,-112.001077,Residence,0,7
1428,517caf1be4b0a366cb7e4b4c,33.514749,-112.09719,Residence,0,7
1429,5193ab84498e453c9093f9f5,33.618,-111.982,Professional & Other Places,0,6
